t_cmd,cmd_thrust,cmd_phi,cmd_theta,cmd_psi
0.0,0x0.0p+0,0x0.0p+0,0x0.0p+0,0x0.0p+0
0.03,0x0.0p+0,-0x1.e47edf2000000p+6,-0x1.3c48093000000p+8,-0x1.d11a6fd000000p+10
0.060000000000000005,0x1.5ef43f1b34a27p+15,-0x1.10c11db000000p+6,-0x1.5536271000000p+8,-0x1.e45b7cba00000p+10
0.09,0x1.6641ed3803f23p+15,-0x1.7daef96000000p+5,-0x1.42722c5000000p+8,-0x1.2b220def00000p+10
0.11999999999999998,0x1.674e8cbaebb21p+15,0x1.ccf9506000000p+3,-0x1.dacf1f8000000p+7,-0x1.2721b60000000p+9
0.15,0x1.68204e77131d7p+15,-0x1.26cd867000000p+4,-0x1.ae0fc3a000000p+6,-0x1.082b654800000p+8
0.18000000000000002,0x1.68e81cf0e0560p+15,0x1.1217bfc000000p+4,-0x1.9a40b50000000p+6,-0x1.f8716e9e00000p+6
0.21000000000000005,0x1.69a7cda557d1dp+15,-0x1.981fdbc000000p+3,-0x1.37d5d3f000000p+3,-0x1.b834286200000p+5
0.24000000000000007,0x1.6a5ffe4864c21p+15,0x1.e67bcea000000p+3,-0x1.fd7b2c4000000p+5,-0x1.ade8118400000p+3
0.2700000000000001,0x1.6b11430fa9030p+15,-0x1.7b0230b000000p+3,0x1.080955c000000p+5,-0x1.9a21511000000p+4
0.3000000000000001,0x1.6bbc228792366p+15,0x1.d691d20000000p+3,-0x1.d9987a8000000p+5,0x1.4b79800500000p+4
0.3300000000000001,0x1.6c6118e3a4823p+15,-0x1.994e30a000000p+3,0x1.cbc8a9c000000p+5,-0x1.0d4be0e300000p+5
0.36000000000000015,0x1.6d009bf363edcp+15,0x1.0036aaf000000p+4,-0x1.138624a000000p+6,0x1.344b37c000000p+5
0.3900000000000002,0x1.6d9b1ce69c6aap+15,-0x1.e97c5ca000000p+3,0x1.3612e80000000p+6,-0x1.85460a9200000p+5
0.4200000000000002,0x1.6e3102491aed8p+15,0x1.334bab7000000p+4,-0x1.543c2bc000000p+6,0x1.b3236a9000000p+5
0.45000000000000023,0x1.6ec29aba7ed67p+15,-0x1.2f4c065000000p+4,0x1.881e530000000p+6,-0x1.03dd03cf00000p+6
0.48000000000000026,0x1.6f503fc0d835dp+15,0x1.7432995000000p+4,-0x1.a4f1da6000000p+6,0x1.1a2f6d7500000p+6
0.5100000000000002,0x1.6fda49bc0ebd0p+15,-0x1.82b7bcd000000p+4,0x1.e1cc8a2000000p+6,-0x1.49d8931c00000p+6
0.5400000000000003,0x1.70611630a0d61p+15,0x1.c5af462000000p+4,-0x1.00aee51000000p+7,0x1.610fa84f00000p+6
0.5700000000000003,0x1.70e4f012aa312p+15,-0x1.e32c2ce000000p+4,0x1.1fa1773000000p+7,-0x1.94d9412200000p+6
0.6000000000000003,0x1.716620e00ea4fp+15,0x1.243c864000000p+6,0x1.8e520cd000000p+8,0x1.dff86ec600000p+9
0.6300000000000003,0x1.71e44b66c6aedp+15,-0x1.4496e43000000p+6,0x1.65e5888000000p+8,-0x1.1080a61300000p+9
0.6600000000000004,0x1.725f072b0bd78p+15,0x1.c616cd4000000p+5,0x1.463858f000000p+7,-0x1.40e6a10900000p+5
0.6900000000000004,0x1.72d5d3fffdb5cp+15,-0x1.da45ea8000000p+5,0x1.67e0d22000000p+7,-0x1.21e5f95800000p+7
0.7200000000000004,0x1.734788dccf22bp+15,0x1.7f3e762000000p+5,-0x1.8f6d48a000000p+1,-0x1.965b3ab400000p+5
0.7500000000000004,0x1.73b3936c4af25p+15,-0x1.89f524b000000p+5,0x1.10988ee000000p+7,-0x1.ba58546a00000p+5
0.7800000000000005,0x1.7419ddb682fcap+15,0x1.891602d000000p+5,-0x1.6c2e767000000p+6,0x1.8bae385000000p+8
0.8100000000000005,0x1.747a650efed96p+15,-0x1.1fe7d09000000p+8,0x1.d686c2c000000p+7,-0x1.ef39282600000p+7
0.8400000000000005,0x1.74d578d14fdc4p+15,-0x1.661a4ac000000p+7,-0x1.ec9e37a000000p+7,0x1.81b3f1c800000p+1
0.8700000000000006,0x1.752b0b15122fcp+15,-0x1.ad1193c000000p+6,0x1.a80e534000000p+7,-0x1.69f8df0800000p+6
0.9000000000000006,0x1.757ad2a82f503p+15,-0x1.0e92ca7000000p+5,-0x1.a013b5e000000p+7,0x1.249056e400000p+8
0.9300000000000006,0x1.75c4b5e1bfa1cp+15,-0x1.e86fd80000000p+5,0x1.a2028c0000000p+7,-0x1.031ff3e800000p+7
0.9600000000000006,0x1.7608dd06cff12p+15,0x1.48d39ed000000p+4,-0x1.9d197aa000000p+7,0x1.0094753100000p+8
0.9900000000000007,0x1.76477d922fc13p+15,-0x1.c7288b6000000p+5,0x1.a92dff0000000p+7,-0x1.4005052d00000p+7
1.0200000000000007,0x1.7680d224decacp+15,0x1.65af490000000p+5,-0x1.abaf95e000000p+7,0x1.a351573a00000p+7
1.0500000000000007,0x1.76b51e080f83cp+15,-0x1.eb1f292000000p+5,0x1.b47d680000000p+7,-0x1.53c459ba00000p+7
1.0800000000000007,0x1.76e49e72fac6fp+15,0x1.cce4a2a000000p+5,-0x1.bb37d4a000000p+7,0x1.7016852f00000p+7
1.1100000000000008,0x1.770f92458155cp+15,-0x1.0d6c8f0000000p+6,0x1.c08fcfc000000p+7,-0x1.57d5d36700000p+7
1.1400000000000008,0x1.77363b983c2c9p+15,0x1.08221d8000000p+6,-0x1.c778e42000000p+7,0x1.59ef622600000p+7
1.1700000000000008,0x1.7758d9c17bfc3p+15,-0x1.22ca26a000000p+6,0x1.ca18ecc000000p+7,-0x1.576346b200000p+7
1.2000000000000008,0x1.7777a75d9ff16p+15,0x1.1c7deb6000000p+6,-0x1.c6b57b2000000p+7,0x1.582de64700000p+7
1.2300000000000009,0x1.7792db28fd823p+15,-0x1.2f66c53000000p+6,0x1.c6f0cea000000p+7,-0x1.59fd7a0f00000p+7
1.260000000000001,0x1.77aab0c9af324p+15,0x1.18d6993000000p+6,-0x1.405f343000000p+8,0x1.d564739c00000p+7
1.290000000000001,0x1.77bf5b5dba8aep+15,-0x1.25a141b000000p+6,0x1.d8ba142000000p+6,-0x1.0e4f9a2500000p+8
1.320000000000001,0x1.77d12e7cc97e6p+15,0x1.1af1197000000p+6,-0x1.d2217e0000000p+7,0x1.8091f09200000p+7
1.350000000000001,0x1.77e0a707c070fp+15,-0x1.1f50ef9000000p+6,0x1.39eda00000000p+7,-0x1.5c7e458400000p+7
1.380000000000001,0x1.77ee156374048p+15,0x1.107ac77000000p+6,-0x1.9b46b1c000000p+7,0x1.3f15d3c700000p+7
1.410000000000001,0x1.77f9aed47919dp+15,-0x1.14726a9000000p+6,0x1.5fdc5f9000000p+7,-0x1.2dee39c700000p+7
1.440000000000001,0x1.7803a3f21eac0p+15,0x1.527af6e000000p+6,-0x1.c3f80d8000000p+7,0x1.8fccb68200000p+9
1.470000000000001,0x1.780bbb3899572p+15,-0x1.169d947000000p+8,0x1.2b3fa2b000000p+8,-0x1.0e5b681e00000p+8
1.500000000000001,0x1.781261c29c94fp+15,-0x1.aaf1fc6000000p+7,-0x1.1b87020000000p+8,0x1.b47ab75400000p+7
1.5300000000000011,0x1.7817c00af5a10p+15,-0x1.0b4e253000000p+7,0x1.96c8d74000000p+7,-0x1.2359328c00000p+8
1.5600000000000012,0x1.781ae31031d6fp+15,-0x1.39e69e4000000p+5,-0x1.b7c316e000000p+7,0x1.8621265e00000p+8
1.5900000000000012,0x1.781b5ce89a8eep+15,-0x1.1f03df7000000p+6,0x1.91613f4000000p+7,-0x1.64366d0600000p+7
1.6200000000000012,0x1.781934fe36b88p+15,0x1.484186d000000p+4,-0x1.778a949000000p+7,0x1.35a42bdb00000p+8
1.6500000000000012,0x1.781478050ee7fp+15,-0x1.c2a616c000000p+5,0x1.69ae5e6000000p+7,-0x1.64ca573c00000p+7
1.6800000000000013,0x1.780d34e415428p+15,0x1.421613c000000p+5,-0x1.4ef2d51000000p+7,0x1.d10517f200000p+7
1.7100000000000013,0x1.7803959ba403fp+15,-0x1.9f40eb6000000p+5,0x1.4461635000000p+7,-0x1.59344d1500000p+7
1.7400000000000013,0x1.77f7b810c3709p+15,0x1.6fae068000000p+5,-0x1.2ea355f000000p+7,0x1.7229638700000p+7
1.7700000000000014,0x1.77e9cd841c4e1p+15,-0x1.9399a4a000000p+5,0x1.2eccae5000000p+7,-0x1.379cadaa00000p+7
1.8000000000000014,0x1.77d9fdc742da5p+15,0x1.7c24108000000p+5,-0x1.1c16f72000000p+7,0x1.37ab031900000p+7
1.8300000000000014,0x1.77c86f230a84ep+15,-0x1.8788c1f000000p+5,0x1.1ec1efc000000p+7,-0x1.1c9c31f600000p+7
1.8600000000000014,0x1.77b545400923cp+15,0x1.74f08d7000000p+5,-0x1.0ebdbdc000000p+7,0x1.15bcb1d500000p+7
1.8900000000000015,0x1.77a0ac086c6f1p+15,-0x1.71762d8000000p+5,0x1.10ef91e000000p+7,-0x1.08ae2c4900000p+7
1.9200000000000015,0x1.778ac1581b321p+15,0x1.683c1f9000000p+5,-0x1.024bcaa000000p+7,0x1.02bc8e1b00000p+7
1.9500000000000015,0x1.7773a659ba995p+15,-0x1.f6881ec000000p+5,0x1.4f2b6e2000000p+7,-0x1.773030ea00000p+9
1.9800000000000015,0x1.775b2fe8162cap+15,0x1.feac7ba000000p+5,0x1.2dadee8000000p+7,0x1.6ad820d700000p+5
2.010000000000001,0x1.7741c0adcdc49p+15,-0x1.a70e6de000000p+5,0x1.a1626a4000000p+6,-0x1.f345c62c00000p+6
2.0400000000000005,0x1.77277dd1a1da1p+15,0x1.92ecb1a000000p+5,0x1.8a97456000000p+2,-0x1.05f6b43f00000p+6
2.07,0x1.770bf86423b1ap+15,-0x1.585442b000000p+5,0x1.6d73f50000000p+6,-0x1.2103b67e00000p+4
2.099999999999999,0x1.76ef399bd4ce3p+15,0x1.32815cd000000p+5,-0x1.2d331de000000p+5,-0x1.97d7bed000000p+3
2.1299999999999986,0x1.76d15710c3370p+15,-0x1.19e6d24000000p+5,0x1.3f827d1000000p+6,-0x1.a9a9566400000p+4
2.159999999999998,0x1.76b26d06478f4p+15,0x1.2c7b525000000p+8,-0x1.8106748000000p+6,0x1.cf92108c00000p+7
2.1899999999999973,0x1.7692a0811f7b2p+15,-0x1.3995a30000000p+5,0x1.8c5d259000000p+7,0x1.4987d7a100000p+4
2.2199999999999966,0x1.76725248878afp+15,0x1.2fb6145000000p+7,-0x1.4ba9b9a000000p+7,-0x1.2c718b3000000p+4
2.249999999999996,0x1.7651c16d97383p+15,-0x1.0418425000000p+6,0x1.55692a7000000p+7,-0x1.e5b408d400000p+6
2.2799999999999954,0x1.76310ea7c328dp+15,0x1.8423354000000p+6,-0x1.515d938000000p+7,0x1.32bbd78400000p+5
2.3099999999999947,0x1.7610643dd973fp+15,-0x1.0ddab3e000000p+6,0x1.3e77a62000000p+7,-0x1.131f546900000p+7
2.339999999999994,0x1.75efda1927f4ep+15,0x1.282af20000000p+6,-0x1.41d9d5e000000p+7,0x1.644d535400000p+6
2.3699999999999934,0x1.75cf91f0af43bp+15,-0x1.f90b360000000p+5,0x1.309695c000000p+7,-0x1.0aaf639600000p+7
2.399999999999993,0x1.75af9dc6ef84ap+15,0x1.f05ef8c000000p+5,-0x1.2fb4331000000p+7,0x1.c234fda000000p+6
2.429999999999992,0x1.759017ceb1afap+15,-0x1.d3427b4000000p+5,0x1.24ad15e000000p+7,-0x1.02e5968000000p+7
2.4599999999999915,0x1.757114d69a0bep+15,0x1.bc0b096000000p+5,-0x1.1fc77c0000000p+7,0x1.e5587e4200000p+6
2.489999999999991,0x1.75529e0e3a065p+15,-0x1.b5abfe8000000p+5,0x1.1993ec6000000p+7,-0x1.f92e168400000p+6
2.5199999999999902,0x1.7534c3750023ap+15,0x1.0d6be4b000000p+6,-0x1.667688d000000p+8,0x1.ff5927ba00000p+9
2.5499999999999896,0x1.7517045b0267cp+15,-0x1.5c2172a000000p+6,0x1.ab9a108000000p+5,-0x1.71dfd20800000p+7
2.579999999999989,0x1.74fa108ad5ffbp+15,0x1.37c1c40000000p+6,-0x1.0f941f0000000p+8,0x1.5e5d4ae900000p+8
2.6099999999999883,0x1.74de7fea1782fp+15,-0x1.4289722000000p+6,0x1.a6ff030000000p+6,-0x1.14d3810e00000p+7
2.6399999999999877,0x1.74c3d3abed6fbp+15,0x1.25cfa32000000p+6,-0x1.b1814b8000000p+7,0x1.7136edb400000p+7
2.669999999999987,0x1.74aa125b06193p+15,-0x1.1daf924000000p+6,0x1.084dcac000000p+7,-0x1.05faebd600000p+7
2.6999999999999864,0x1.74912d44b6851p+15,0x1.0c50fd4000000p+6,-0x1.6f2331e000000p+7,0x1.22ad48c800000p+7
2.7299999999999858,0x1.7479248ffa020p+15,0x1.8048aa9000000p+8,0x1.7fbc7ca000000p+5,0x1.6510032c00000p+8
2.759999999999985,0x1.7461dcbfcda01p+15,0x1.f2e34ec000000p+7,0x1.0b79b33000000p+6,0x1.b3f3002a00000p+7
2.7899999999999845,0x1.744b832e0079fp+15,0x1.0b29abb000000p+7,0x1.0e4358f000000p+4,-0x1.7b7e219800000p+6
2.819999999999984,0x1.743662ba38877p+15,0x1.44abff5000000p+6,-0x1.2561d43000000p+4,-0x1.0d30840100000p+7
2.849999999999983,0x1.742291a3eff87p+15,0x1.3e0b79f000000p+5,-0x1.fd85a58000000p+2,-0x1.0674609c00000p+7
2.8799999999999826,0x1.74101a34e8159p+15,0x1.bf157aa000000p+4,-0x1.748e9d9000000p+4,-0x1.5c78465c00000p+6
2.909999999999982,0x1.73ff0adb8916ap+15,0x1.4bdb7b2000000p+3,-0x1.60e123d000000p+1,-0x1.169ce6ce00000p+6
2.9399999999999813,0x1.73ef74c14eebdp+15,0x1.542f2ba000000p+3,-0x1.14eba68000000p+4,-0x1.095cf85500000p+5
2.9699999999999807,0x1.73e155d89802ep+15,0x1.558fc22000000p-1,0x1.bcd3bb8000000p+1,-0x1.064d5ec500000p+5
2.99999999999998,0x1.73d4b71ba0839p+15,0x1.2e69f99000000p+2,-0x1.919988a000000p+3,-0x1.a0b108e000000p+2
3.0299999999999794,0x1.73c9a4ad915b2p+15,-0x1.04409c0000000p+1,0x1.ecffdfa000000p+2,-0x1.039b93db00000p+4
3.0599999999999787,0x1.73c01a24e1692p+15,0x1.27cfc3d000000p+1,-0x1.205f250000000p+3,0x1.227e06a300000p+2
3.089999999999978,0x1.73b81a9fb10a7p+15,-0x1.1bec9cf000000p+2,-0x1.52400c1000000p+6,0x1.6606646a00000p+4
3.1199999999999775,0x1.73b1ac8d11168p+15,0x1.02f8ec8000000p+0,0x1.84d989d000000p+1,-0x1.ad3dd66a00000p+5
3.149999999999977,0x1.73acccc4263dfp+15,-0x1.75373fe000000p-1,-0x1.71af245000000p+5,0x1.869019b000000p+5
3.179999999999976,0x1.73a97821faa8fp+15,-0x1.31c7556000000p+1,0x1.f67b924000000p+3,-0x1.5ed4d20800000p+5
3.2099999999999755,0x1.73a7b05733db0p+15,0x1.6bca7e4000000p+4,-0x1.360d2ff000000p+6,0x1.6ce5c8b600000p+9
3.239999999999975,0x1.73a72710d8850p+15,-0x1.0b7efde000000p+5,0x1.6d6e1db000000p+6,-0x1.0e5d8bf800000p+5
3.2699999999999743,0x1.73a8389114911p+15,0x1.2fffe9e000000p+5,-0x1.8743629000000p+6,0x1.08f6556e00000p+8
3.2999999999999736,0x1.73ab2777ab6ebp+15,-0x1.3d16687000000p+5,0x1.ac1ed72000000p+6,-0x1.18e2678d00000p+6
3.329999999999973,0x1.73afa9f7ac717p+15,0x1.2525fd7000000p+5,-0x1.9a974dc000000p+6,0x1.1690560200000p+7
3.3599999999999723,0x1.73b5c5ce29988p+15,-0x1.3852989000000p+5,0x1.b059cfc000000p+6,-0x1.5c62664300000p+6
3.3899999999999717,0x1.73bd792b2b50fp+15,0x1.137d785000000p+5,-0x1.9708e10000000p+6,0x1.b3ef4de000000p+6
3.419999999999971,0x1.73c6c714da37cp+15,-0x1.2862380000000p+5,0x1.a4054b0000000p+6,-0x1.77a5b00400000p+6
3.4499999999999704,0x1.73d1ab6c7bf6cp+15,0x1.0c11032000000p+5,-0x1.8ac3ae2000000p+6,0x1.9739188e00000p+6
3.47999999999997,0x1.73de234793503p+15,-0x1.193a1f5000000p+5,0x1.9503886000000p+6,-0x1.7f9d3dfe00000p+6
3.509999999999969,0x1.73ec2ed5a11c8p+15,0x1.ff11c3c000000p+4,-0x1.785610c000000p+6,0x1.8b6a4f8c00000p+6
3.5399999999999685,0x1.73fbd2f1154a2p+15,-0x1.114d424000000p+5,0x1.818b943000000p+6,-0x1.8035bf0200000p+6
3.569999999999968,0x1.740d082a26539p+15,0x1.ed42510000000p+4,-0x1.642d20c000000p+6,0x1.80c9db0600000p+6
3.5999999999999672,0x1.741fcefff9994p+15,-0x1.0ad1302000000p+5,0x1.6d1ca89000000p+6,-0x1.79bb331e00000p+6
3.6299999999999666,0x1.74342bb708007p+15,0x1.e3669f6000000p+4,-0x1.4fdbe52000000p+6,0x1.76680a2500000p+6
3.659999999999966,0x1.744a165e365ddp+15,-0x1.0644c8a000000p+5,0x1.56df708000000p+6,-0x1.6f860fbd00000p+6
3.6899999999999653,0x1.746192e439205p+15,0x1.d45c12c000000p+4,-0x1.387c09f000000p+6,0x1.68445ee400000p+6
3.7199999999999647,0x1.747aa13a2d54ep+15,-0x1.00418b5000000p+5,0x1.4074973000000p+6,-0x1.63ccd4cc00000p+6
3.749999999999964,0x1.74953d0cccf26p+15,0x1.cadb2ce000000p+4,-0x1.1ed0079000000p+6,0x1.5c81003f00000p+6
3.7799999999999634,0x1.74b161c2e50c0p+15,-0x1.f0a69a4000000p+4,0x1.263ad55000000p+6,-0x1.549ea40d00000p+6
3.8099999999999627,0x1.74cf0a68422dfp+15,0x1.c592998000000p+4,-0x1.02d757a000000p+6,0x1.4dacacdf00000p+6
3.839999999999962,0x1.74ee41c0fae8bp+15,-0x1.e9b583e000000p+4,0x1.0a13dcf000000p+6,-0x1.442e2dd700000p+6
3.8699999999999615,0x1.750efee002d49p+15,0x1.a84ac96000000p+4,-0x1.9d713c4000000p+6,0x1.79aee5b400000p+6
3.899999999999961,0x1.75313c235664cp+15,-0x1.918e444000000p+4,0x1.aa2cb86000000p+5,0x1.488700a700000p+6
3.92999999999996,0x1.7554fd06954d5p+15,-0x1.35e5039000000p+8,0x1.1164949000000p+7,0x1.167050be00000p+8
3.9599999999999596,0x1.757a2533fefefp+15,-0x1.335e31a000000p+8,-0x1.9075846000000p+6,-0x1.1e79e20c00000p+8
3.989999999999959,0x1.759ff13475d44p+15,-0x1.2c9967e000000p+8,-0x1.27eff92000000p+5,-0x1.8b01b63400000p+8
4.019999999999959,0x1.75c4fa69dd5d5p+15,-0x1.4ffc800000000p+7,-0x1.a23d52e000000p+6,0x1.e9e1e2aa00000p+4
4.049999999999958,0x1.75e7f2e471953p+15,-0x1.8d0f553000000p+6,0x1.418b983000000p+5,0x1.27902fbd00000p+5
4.079999999999957,0x1.7607e21e24d08p+15,-0x1.74fbef8000000p+5,-0x1.40627b4000000p+5,0x1.74399a2f00000p+7
4.109999999999957,0x1.76242d2b63ad3p+15,-0x1.31b6706000000p+5,0x1.2f596c0000000p+5,0x1.f48309e600000p+2
4.139999999999956,0x1.763caaebdd2d3p+15,-0x1.b3fb1ee000000p+2,-0x1.6d3b4de000000p+4,0x1.f507580400000p+6
4.1699999999999555,0x1.765158da00e93p+15,-0x1.44a9917000000p+4,0x1.00fcb6f000000p+5,-0x1.3610aac200000p+4
4.199999999999955,0x1.766253e2cf737p+15,0x1.a7fd6b2000000p+2,-0x1.298b248000000p+4,0x1.1ec200f000000p+6
4.229999999999954,0x1.766fd1c7a4ce8p+15,-0x1.d962478000000p+3,0x1.a314e98000000p+4,-0x1.e1302e6400000p+4
4.259999999999954,0x1.7679fa2dfcc4ap+15,0x1.50a7ef8000000p+3,-0x1.1769f4c000000p+4,0x1.4bf5606c00000p+5
4.289999999999953,0x1.7680f7a86dfbdp+15,-0x1.9369250000000p+3,0x1.5764d04000000p+4,-0x1.fc53774600000p+4
4.319999999999952,0x1.7684f6eed7fb3p+15,0x1.71433e7000000p+3,-0x1.0974496000000p+4,0x1.a1d4d8fa00000p+4
4.349999999999952,0x1.7686279a90aadp+15,-0x1.6a7d8f0000000p+3,0x1.1eb050d000000p+4,-0x1.e54f0a5600000p+4
4.379999999999951,0x1.7684c6968b8e7p+15,0x1.66d3182000000p+3,-0x1.f940ef2000000p+3,0x1.47010e7b00000p+4
4.40999999999995,0x1.768102cfb7b44p+15,-0x1.5215574000000p+3,0x1.e7fa986000000p+3,-0x1.84c4df3000000p+4
4.43999999999995,0x1.767b040d44286p+15,0x1.58a5010000000p+3,-0x1.d9caf78000000p+3,0x1.1b01b09b00000p+4
4.469999999999949,0x1.7672ef0b48e7ep+15,0x1.0361bee000000p+6,0x1.fba9e6e000000p+2,0x1.a99e2b0400000p+4
4.4999999999999485,0x1.7668ebbe3e7d5p+15,-0x1.7607fbd000000p+4,0x1.72eb366000000p+4,-0x1.9384701c00000p+7
4.529999999999948,0x1.765d409f29f3dp+15,0x1.71d5a94000000p+5,-0x1.db703b4000000p+4,-0x1.266122af00000p+4
4.559999999999947,0x1.7650271f15b67p+15,-0x1.8cb813b000000p+4,0x1.662b40f000000p+8,-0x1.2ae87aad00000p+7
4.589999999999947,0x1.7641c01407defp+15,0x1.41fefe6000000p+5,0x1.669c2b3000000p+5,0x1.044f42e100000p+6
4.619999999999946,0x1.7632269d7a7a2p+15,-0x1.0d7eb13000000p+5,0x1.6f148d7000000p+7,-0x1.4af26ceb00000p+7
4.649999999999945,0x1.76216f8ec7e36p+15,0x1.32d68e3000000p+5,0x1.621f492000000p+3,0x1.ee015cd000000p+6
4.679999999999945,0x1.760fa6bf841aep+15,-0x1.21bcd23000000p+5,0x1.c9b809a000000p+6,-0x1.aaa7a5e800000p+6
4.709999999999944,0x1.75fcf109d2aabp+15,0x1.240b160000000p+5,-0x1.0d496bb000000p+4,0x1.8c57cf5a00000p+6
4.739999999999943,0x1.75e96e4d689e3p+15,-0x1.13c5b7a000000p+5,0x1.3c86479000000p+6,-0x1.35337e2700000p+6
4.769999999999943,0x1.75d537d5e7e60p+15,0x1.16b4e21000000p+5,-0x1.de6248c000000p+4,0x1.3590beb600000p+6
4.799999999999942,0x1.75c06de9ae1f0p+15,-0x1.fc4a058000000p+4,0x1.d71ed2e000000p+5,-0x1.f99608de00000p+5
4.8299999999999415,0x1.75ab329cbf9b2p+15,0x1.02b698d000000p+5,-0x1.17e8176000000p+5,0x1.ee9a06d800000p+5
4.859999999999941,0x1.7595aacc89158p+15,-0x1.cb07a22000000p+4,0x1.758b3d7000000p+5,-0x1.bb51b53c00000p+5
4.88999999999994,0x1.757ff377d07b6p+15,0x1.dc848cc000000p+4,-0x1.1edfaab000000p+5,0x1.9b3614a000000p+5
4.9199999999999395,0x1.756a2352b69b2p+15,-0x1.9c4c796000000p+4,0x1.33b84b4000000p+5,-0x1.8ba1008600000p+5
4.949999999999939,0x1.75545cc64b6f5p+15,0x1.b99ed26000000p+4,-0x1.18265a7000000p+5,0x1.6362970b00000p+5
4.979999999999938,0x1.753ec383e951dp+15,-0x1.7c67e7b000000p+4,0x1.0823803000000p+5,-0x1.6b7e12c600000p+5
5.009999999999938,0x1.75296aeec213ep+15,0x1.932300c000000p+4,-0x1.06752f4000000p+5,0x1.317efbcb00000p+5
5.039999999999937,0x1.751467121224cp+15,-0x1.58fb43d000000p+4,0x1.cd173ee000000p+4,-0x1.46a355ce00000p+5
5.069999999999936,0x1.74ffcf67ffc98p+15,0x1.730b977000000p+4,-0x1.ee50ef2000000p+4,0x1.10dcae9f00000p+5
5.099999999999936,0x1.74ebbc04c3ec0p+15,-0x1.31c96bc000000p+4,0x1.9b5d40c000000p+4,-0x1.27c6197f00000p+5
5.129999999999935,0x1.74d8446d33a93p+15,-0x1.d0517a8000000p+4,0x1.42c2162000000p+6,-0x1.7f3ecb4800000p+10
5.159999999999934,0x1.74c42f8053190p+15,0x1.6cc2bf6000000p+5,-0x1.cb96394000000p+6,-0x1.f61c12ca00000p+6
5.189999999999934,0x1.74b0df763bff6p+15,-0x1.4d785a7000000p+5,0x1.88c0c9a000000p+6,-0x1.019f9d4800000p+9
5.219999999999933,0x1.749f9e697491ap+15,0x1.a05e906000000p+5,-0x1.999ca50000000p+6,0x1.186df8e900000p+6
5.2499999999999325,0x1.748f4f42275bbp+15,0x1.8b7d2c1000000p+8,0x1.a7d67a6000000p+7,0x1.6052c8bf00000p+8
5.279999999999932,0x1.748012fd86af0p+15,0x1.337ac09000000p+8,0x1.3863329000000p+5,0x1.08241b1200000p+7
5.309999999999931,0x1.74726fa3394bep+15,0x1.513e0a1000000p+7,0x1.a4e2248000000p+6,-0x1.862bb67800000p+7
5.339999999999931,0x1.74675a33fe30ap+15,0x1.a138502000000p+6,-0x1.100ea31000000p+3,-0x1.1cf2c7fa00000p+6
5.36999999999993,0x1.745f5f6cca405p+15,0x1.611b965000000p+5,0x1.66e379e000000p+5,-0x1.a73726ae00000p+7
5.399999999999929,0x1.745adce08fe76p+15,0x1.360e23b000000p+5,-0x1.78cb2e0000000p+4,-0x1.3ac0485200000p+5
5.429999999999929,0x1.745a1532ea543p+15,0x1.0048bd8000000p+2,0x1.9eb74f4000000p+4,-0x1.fb43043400000p+6
5.459999999999928,0x1.745d2c466a6eep+15,0x1.2ab8201000000p+4,-0x1.7b69187000000p+4,-0x1.e6d7d31200000p-1
5.489999999999927,0x1.74642e115bb62p+15,-0x1.2cfa68b000000p+3,0x1.4a90a24000000p+4,-0x1.1a20ec1400000p+6
5.519999999999927,0x1.746f266faaf7ap+15,0x1.83bf723000000p+3,-0x1.41cd383000000p+4,0x1.072e885f00000p+4
5.549999999999926,0x1.747e1dcbd6333p+15,-0x1.a841eca000000p+3,0x1.30facf9000000p+4,-0x1.460b49fa00000p+5
5.5799999999999255,0x1.74911d8a7233cp+15,0x1.22dbdb7000000p+3,-0x1.05ab6ed000000p+4,0x1.620ec1f900000p+4
5.609999999999925,0x1.74a824f7601aap+15,-0x1.c014bd8000000p+3,0x1.21b6d0b000000p+4,-0x1.9f11d7d000000p+4
5.639999999999924,0x1.74c33828de7f7p+15,0x1.e521782000000p+2,-0x1.a39c082000000p+3,0x1.6d893ee700000p+4
5.6699999999999235,0x1.74e2568e95ab1p+15,-0x1.b7ae6c4000000p+3,0x1.1b1cbee000000p+4,-0x1.26de036f00000p+4
5.699999999999923,0x1.7505841441ac4p+15,0x1.8f3cd58000000p+2,-0x1.50604ae000000p+3,0x1.615519a700000p+4
5.729999999999922,0x1.752cc8dc57f01p+15,-0x1.ac08162000000p+3,0x1.0e264d0000000p+4,-0x1.c06b7d8200000p+3
5.759999999999922,0x1.7558261c65ebap+15,0x1.7da813c000000p+2,-0x1.1537bfc000000p+3,0x1.51c6f20300000p+4
5.789999999999921,0x1.7587a11f58dbdp+15,-0x1.9c3127a000000p+3,0x1.008c1df000000p+4,-0x1.5ab422cd00000p+3
5.81999999999992,0x1.75bb4050fd077p+15,0x1.019faa9000000p+6,-0x1.099e4da000000p+7,0x1.c0d5cb6000000p+10
5.84999999999992,0x1.75f143d837804p+15,-0x1.2955157000000p+8,0x1.fc49ca2000000p+7,0x1.82b520a600000p+7
5.879999999999919,0x1.762b3edcaee2ap+15,-0x1.1713d90000000p+8,-0x1.7e23a30000000p+7,0x1.ee15e1be00000p+8
5.909999999999918,0x1.766ab830c9f8fp+15,-0x1.c902c9a000000p+7,0x1.8efe05d000000p+6,-0x1.94ae1f2400000p+8
5.939999999999918,0x1.76ad406c81d56p+15,-0x1.a7d6e18000000p+5,-0x1.6c5371a000000p+8,0x1.71145e0c00000p+9
5.969999999999917,0x1.76f1a5249bcdfp+15,-0x1.1ac99c1000000p+7,-0x1.bb67f9a000000p+7,-0x1.69bd1dab00000p+7
5.9999999999999165,0x1.7736f534e8a21p+15,0x1.0dc7610000000p+5,-0x1.fd4f3a4000000p+7,0x1.709a2f3d00000p+7
6.029999999999916,0x1.777baa67c6f0bp+15,-0x1.4d623bf000000p+6,-0x1.f1ba142000000p+5,-0x1.264f151a00000p+3
6.059999999999915,0x1.77be27522e450p+15,0x1.8f3349c000000p+5,-0x1.2d9bd10000000p+7,0x1.8d2df0bc00000p+6
6.089999999999915,0x1.77fd93a5ff144p+15,-0x1.e593c38000000p+5,-0x1.8a19e2f000000p+1,-0x1.5b0c416500000p+5
6.119999999999914,0x1.7839632450bccp+15,0x1.8a24339000000p+5,-0x1.9335d06000000p+6,0x1.066d46bd00000p+6
6.149999999999913,0x1.78715225bd125p+15,-0x1.8a39a95000000p+5,0x1.a1bbe16000000p+4,-0x1.b110db5200000p+5
6.179999999999913,0x1.78a53ee963118p+15,0x1.648a8c6000000p+5,-0x1.27b3ce0000000p+6,0x1.cb3f0b1600000p+5
6.209999999999912,0x1.78d51e0c46607p+15,-0x1.549470a000000p+5,0x1.31bc31d000000p+5,-0x1.c21c050c00000p+5
6.239999999999911,0x1.7900fc5067a9ap+15,0x1.3f46583000000p+5,-0x1.d2c4b02000000p+5,0x1.bf2f3e8600000p+5
6.269999999999911,0x1.7928fadfe50a1p+15,-0x1.2fe9d4c000000p+5,0x1.56c9f93000000p+5,-0x1.b755cc8e00000p+5
6.29999999999991,0x1.794d3b9cc8166p+15,0x1.1f98574000000p+5,-0x1.83cc68f000000p+5,0x1.b89b567200000p+5
6.3299999999999095,0x1.796de2a6f04aap+15,-0x1.12eb8a8000000p+5,0x1.5b3488a000000p+5,-0x1.9ba9c1e800000p+5
6.359999999999909,0x1.798b15c79e8fap+15,0x1.01f6674000000p+5,-0x1.4bbf43b000000p+5,0x1.a62e3e4600000p+5
6.389999999999908,0x1.79a501bbf5b17p+15,-0x1.f5fe69a000000p+4,0x1.4e2561c000000p+5,-0x1.7a86929800000p+5
6.419999999999908,0x1.79bbcb6e2b4dep+15,0x1.d9cbe82000000p+4,-0x1.2362fa1000000p+5,0x1.906432c800000p+5
6.449999999999907,0x1.79cf9d0cdba50p+15,-0x1.c82b204000000p+4,0x1.3c9c78d000000p+5,-0x1.587d4afc00000p+5
6.479999999999906,0x1.79e0a76806008p+15,0x1.b00702e000000p+4,-0x1.04577f6000000p+5,0x1.74a025a600000p+5
6.509999999999906,0x1.79ef0884cba8bp+15,-0x1.a4a33d6000000p+6,0x1.04a539d000000p+7,-0x1.64bfda2d00000p+10
6.539999999999905,0x1.79f9d4e461320p+15,0x1.5c400e9000000p+6,-0x1.87a8f29000000p+7,-0x1.6452b5bf00000p+6
6.569999999999904,0x1.7a02697ed16cap+15,-0x1.682d172000000p+6,0x1.5e9d28d000000p+7,-0x1.c97b006e00000p+8
6.599999999999904,0x1.7a09c57f3b24ep+15,0x1.6b41df4000000p+6,0x1.218fdcd000000p+6,0x1.75f7d60600000p+2
6.629999999999903,0x1.7a0f01f122fa1p+15,-0x1.3e64b5b000000p+6,0x1.1102a19000000p+7,-0x1.6c7f693100000p+6
6.659999999999902,0x1.7a12e5fb61f74p+15,0x1.24593dd000000p+6,-0x1.84e52a6000000p+1,0x1.2008afcc00000p+4
6.689999999999902,0x1.7a15fedfc68b9p+15,-0x1.0ac0e8f000000p+6,0x1.aac4bc0000000p+6,-0x1.20a9339800000p+5
6.719999999999901,0x1.7a18b10a86627p+15,0x1.df2ae1e000000p+5,-0x1.64dbe88000000p+5,0x1.d64873c600000p+4
6.7499999999999005,0x1.7a1b52144ef49p+15,-0x1.bf6d19e000000p+5,0x1.818f633000000p+6,-0x1.111b04a100000p+5
6.7799999999999,0x1.7a1e17ed89858p+15,0x1.94472da000000p+5,-0x1.1183dc6000000p+6,0x1.521cb22900000p+5
6.809999999999899,0x1.7a212b00b6a42p+15,-0x1.7a94522000000p+5,0x1.7cd2889000000p+6,-0x1.6514a14d00000p+5
6.839999999999899,0x1.7a24ad0ba8a21p+15,0x1.5716686000000p+5,-0x1.4b091e0000000p+6,0x1.ad643b8400000p+5
6.869999999999898,0x1.7a28b3f708a93p+15,-0x1.49472a8000000p+5,0x1.8034c98000000p+6,-0x1.d57c389200000p+5
6.899999999999897,0x1.7a2d4c60121e0p+15,0x1.3221547000000p+5,-0x1.6cfb16d000000p+6,0x1.04be89b200000p+6
6.929999999999897,0x1.7a3283b1dff77p+15,-0x1.2abbd16000000p+5,0x1.7c0ba1d000000p+6,-0x1.29c30d7d00000p+6
6.959999999999896,0x1.7a385997fa7a4p+15,0x1.16ab326000000p+5,-0x1.7acb5fe000000p+6,0x1.2d3327a400000p+6
6.989999999999895,0x1.7a3eda2d0770ap+15,-0x1.12b8106000000p+5,0x1.76b8458000000p+6,-0x1.4d5e81a400000p+6
7.019999999999895,0x1.7a460eac222eap+15,0x1.07ea1a7000000p+5,-0x1.7d9074e000000p+6,0x1.47892da600000p+6
7.049999999999894,0x1.7a4df44055f24p+15,-0x1.06f3488000000p+5,0x1.71fb8d4000000p+6,-0x1.614e607600000p+6
7.0799999999998935,0x1.7a568ae5bd6c8p+15,0x1.265319d000000p+7,-0x1.b370ae4000000p+6,0x1.3701401d00000p+7
7.109999999999893,0x1.7a5fccd865b4dp+15,-0x1.0a9686f000000p+6,0x1.25357ca000000p+7,-0x1.e19d4cf600000p+5
7.139999999999892,0x1.7a69d0bbf9d1ep+15,0x1.f83e766000000p+6,-0x1.a6cf038000000p+7,0x1.172c837400000p+10
7.169999999999892,0x1.7a7415435a961p+15,-0x1.b828780000000p+6,0x1.ad8614c000000p+7,-0x1.682f579700000p+6
7.199999999999891,0x1.7a7f24033dc6dp+15,0x1.c3e236e000000p+6,-0x1.76ffe70000000p+4,0x1.57973fdf00000p+8
7.22999999999989,0x1.7a8bada356522p+15,-0x1.962ee90000000p+6,0x1.9436778000000p+7,-0x1.9144e73200000p+4
7.25999999999989,0x1.7a998df531d09p+15,0x1.6cd62ff000000p+6,-0x1.86e5065000000p+6,0x1.0367647b00000p+7
7.289999999999889,0x1.7aa950c1ac528p+15,-0x1.54048b2000000p+6,0x1.737a21e000000p+7,-0x1.96fc53ea00000p+5
7.319999999999888,0x1.7abb38308daaap+15,0x1.2e5836b000000p+6,-0x1.03d1d95000000p+7,0x1.8ecbd3d000000p+6
7.349999999999888,0x1.7acf76a7c8c0ap+15,-0x1.1efaacc000000p+6,0x1.4fb86a5000000p+7,-0x1.68e7903c00000p+6
7.379999999999887,0x1.7ae629418da02p+15,0x1.05b0ffd000000p+6,-0x1.147b7ae000000p+7,0x1.bc84af2c00000p+6
7.4099999999998865,0x1.7aff683844560p+15,-0x1.fbe9af0000000p+5,0x1.37f9ac8000000p+7,-0x1.b98ad9e000000p+6
7.439999999999886,0x1.7b1b375363ef5p+15,0x1.d864436000000p+5,-0x1.163f671000000p+7,0x1.df9f8be400000p+6
7.469999999999885,0x1.7b39948314577p+15,-0x1.ce7f3e4000000p+5,0x1.28b625f000000p+7,-0x1.da34a8ec00000p+6
7.4999999999998845,0x1.7b5a8200e327dp+15,0x1.b20ba32000000p+5,-0x1.12d12c8000000p+7,0x1.f0b60fde00000p+6
7.529999999999884,0x1.7b7dfb5da9207p+15,-0x1.a5af4b4000000p+5,0x1.1c85e40000000p+7,-0x1.e4dfee0000000p+6
7.559999999999883,0x1.7ba3fb4150da0p+15,0x1.93f80a4000000p+5,-0x1.0c001c9000000p+7,0x1.f6cc6a5800000p+6
7.589999999999883,0x1.7bcc762e53e4dp+15,-0x1.9182dd8000000p+5,0x1.123eb08000000p+7,-0x1.e9b901d200000p+6
7.619999999999882,0x1.7bf765286aaaep+15,0x1.7f3aea5000000p+5,-0x1.0504037000000p+7,0x1.f36f07b200000p+6
7.649999999999881,0x1.7c24bf0956760p+15,-0x1.8182744000000p+5,0x1.0a76d4e000000p+7,-0x1.e40bb5e000000p+6
7.679999999999881,0x1.7c54776cd2c17p+15,0x1.6f4c35e000000p+5,-0x1.fcb6f82000000p+6,0x1.ece2c79400000p+6
7.70999999999988,0x1.7c868c458daaep+15,-0x1.6d31c9f000000p+5,0x1.0437983000000p+7,-0x1.da97ccce00000p+6
7.739999999999879,0x1.7cbaf44f9e558p+15,0x1.8db84a5000000p+8,-0x1.5ff428a000000p+6,0x1.89d4fece00000p+8
7.769999999999879,0x1.7cf1990b61451p+15,0x1.31e64a6000000p+8,0x1.468e269000000p+7,0x1.273a812b00000p+8
7.799999999999878,0x1.7d2adda4058bap+15,0x1.4ba8c2c000000p+7,-0x1.38af8a5000000p+5,0x1.9c1a1aa600000p+4
7.8299999999998775,0x1.7d678f3c8eec8p+15,0x1.a28066c000000p+5,-0x1.34253de000000p+8,-0x1.3c4522b500000p+10
7.859999999999877,0x1.7da7641c4fbadp+15,0x1.b0f4284000000p+6,-0x1.23bdda2000000p+8,-0x1.7764e9fc00000p+8
7.889999999999876,0x1.7de9eed9e62dcp+15,-0x1.5831322000000p+4,-0x1.fa884a4000000p+7,-0x1.79a24f0c00000p+8
7.919999999999876,0x1.7e2dd596a4242p+15,0x1.1aff53a000000p+6,-0x1.9b2c1b8000000p+7,-0x1.d0c6f6ac00000p+7
7.949999999999875,0x1.7e7038bda2009p+15,-0x1.ca2475e000000p+4,-0x1.77e9728000000p+6,-0x1.4d58551300000p+6
7.979999999999874,0x1.7eaf6690a358fp+15,0x1.7c9aefc000000p+5,-0x1.eec2f5c000000p+6,-0x1.845c3ffc00000p+6
8.009999999999874,0x1.7eea4b9c1b109p+15,-0x1.c3678bc000000p+4,-0x1.5e38f6d000000p+4,-0x1.098cab4500000p+5
8.039999999999873,0x1.7f20441382248p+15,0x1.1d7a97c000000p+5,-0x1.54aaca8000000p+6,-0x1.23c4201500000p+5
8.069999999999872,0x1.7f5109ecf8d9ep+15,-0x1.a1210be000000p+4,0x1.6f6dc48000000p+3,-0x1.05ab11f100000p+5
8.099999999999872,0x1.7f7c7b471bd1fp+15,0x1.e6a4492000000p+4,-0x1.123ec34000000p+6,-0x1.d39b254c00000p+2
8.129999999999871,0x1.7fa2ae2715004p+15,-0x1.78a5bc1000000p+4,0x1.b8aec54000000p+4,-0x1.3cae517700000p+5
8.15999999999987,0x1.7fc3c75aa2bbcp+15,0x1.b2df38c000000p+4,-0x1.ebc7564000000p+5,0x1.cc82c03a00000p+2
8.18999999999987,0x1.7fdfee8547863p+15,-0x1.5e5a870000000p+4,0x1.1258c38000000p+5,-0x1.7555f88600000p+5
8.21999999999987,0x1.7ff7654127d71p+15,0x1.92f0a30000000p+4,-0x1.d4661ea000000p+5,0x1.d2df7f3600000p+3
8.249999999999869,0x1.800a6e9e23c5bp+15,-0x1.49a0e98000000p+4,0x1.2eb7c9e000000p+5,-0x1.9c8fd74600000p+5
8.279999999999868,0x1.8019467ef7b6cp+15,-0x1.1242442000000p+8,0x1.69799c2000000p+7,-0x1.1c0e98f000000p+7
8.309999999999867,0x1.80243095475dbp+15,-0x1.1555954000000p+8,-0x1.4b9a249000000p+7,-0x1.0247380500000p+8
8.339999999999867,0x1.802baa3116235p+15,-0x1.05ab20b000000p+8,0x1.ebc1f42000000p+4,-0x1.716d75aa00000p+9
8.369999999999866,0x1.802f04524c81bp+15,-0x1.2a6a6d7000000p+7,-0x1.599d49f000000p+7,0x1.938cedf000000p+6
8.399999999999865,0x1.802d84f5af5e7p+15,-0x1.5f509be000000p+6,0x1.5c488c0000000p+6,-0x1.0eff47c700000p+7
8.429999999999865,0x1.8026901bc56e1p+15,-0x1.c419be8000000p+4,-0x1.7f58fe5000000p+6,0x1.fe47cd3600000p+7
8.459999999999864,0x1.8019891e87636p+15,-0x1.305ae16000000p+5,0x1.3fc6fd0000000p+8,-0x1.80e1da9400000p+7
8.489999999999863,0x1.8006a667ad204p+15,0x1.14fed57000000p+4,0x1.2a2d133000000p+3,0x1.47a03a0a00000p+8
8.519999999999863,0x1.7feee15f36915p+15,-0x1.3e37d4a000000p+5,0x1.8e893cf000000p+7,-0x1.2510ce1900000p+7
8.549999999999862,0x1.7fd39a43a6008p+15,0x1.0b739a4000000p+5,-0x1.7a1947b000000p+5,0x1.646b21b300000p+7
8.579999999999862,0x1.7fb5c7ed87b7ap+15,-0x1.45b4bb3000000p+5,0x1.2360157000000p+7,-0x1.c9c0893600000p+6
8.60999999999986,0x1.7f961406467b6p+15,0x1.3e48c49000000p+5,-0x1.2e1d202000000p+6,0x1.e73d611e00000p+6
8.63999999999986,0x1.7f750274d2017p+15,-0x1.4ede9fa000000p+5,0x1.df0d382000000p+6,-0x1.9027ced200000p+6
8.66999999999986,0x1.7f52ea7748044p+15,0x1.51c3f80000000p+5,-0x1.5b954e1000000p+6,0x1.8c1f1dae00000p+6
8.699999999999859,0x1.7f3007f2f2986p+15,-0x1.4f1caf2000000p+5,0x1.a9f30ac000000p+6,-0x1.6989695700000p+6
8.729999999999858,0x1.7f0c8d4afd1e9p+15,0x1.56c8021000000p+5,-0x1.6dca684000000p+6,0x1.62c8ef9800000p+6
8.759999999999858,0x1.7ee8a05acdfe2p+15,-0x1.4bcc80c000000p+5,0x1.8cc3950000000p+6,-0x1.5368ec7400000p+6
8.789999999999857,0x1.7ec45f233fcb1p+15,0x1.5508443000000p+5,-0x1.70fb713000000p+6,0x1.4bbc9bb500000p+6
8.819999999999856,0x1.7e9fde9b58966p+15,-0x1.4845945000000p+5,0x1.7b9ec6a000000p+6,-0x1.45deea1d00000p+6
8.849999999999856,0x1.7e7b3a70b2c94p+15,0x1.50f03b5000000p+5,-0x1.6e1c862000000p+6,0x1.3d91412b00000p+6
8.879999999999855,0x1.7e567bc6b9db3p+15,-0x1.4689304000000p+5,0x1.6fa0bcf000000p+6,-0x1.3a4b834100000p+6
8.909999999999854,0x1.7e31afea772c8p+15,0x1.4e7401e000000p+5,-0x1.69b690d000000p+6,0x1.32bc947b00000p+6
8.939999999999854,0x1.7e0cea6665b6ep+15,0x1.bc90f2a000000p+7,-0x1.6031333000000p+6,0x1.ed78bb4600000p+10
8.969999999999853,0x1.7de610a17fb63p+15,-0x1.50b1c96000000p+6,0x1.aa1dae6000000p+7,0x1.afc947f200000p+8
8.999999999999853,0x1.7dbef188ffec3p+15,0x1.3243bf6000000p+7,-0x1.1e95181000000p+8,0x1.370cabf100000p+9
9.029999999999852,0x1.7d99fbe334b1cp+15,-0x1.fc627c0000000p+6,0x1.2d9c783000000p+0,-0x1.063e9b7900000p+6
9.059999999999851,0x1.7d75368b8d267p+15,0x1.edc319c000000p+6,-0x1.ead1b82000000p+7,0x1.d5c22dc000000p+6
9.08999999999985,0x1.7d4feb31927cfp+15,-0x1.a97c95c000000p+6,0x1.4c3253f000000p+6,-0x1.52e0aa2100000p+5
9.11999999999985,0x1.7d2935d279a7dp+15,0x1.94e39c8000000p+6,-0x1.8c6df64000000p+7,0x1.0251a4f700000p+6
9.14999999999985,0x1.7d00ab34d73bfp+15,-0x1.6b6cbb2000000p+6,0x1.cd10c06000000p+6,-0x1.15ea4f9100000p+6
9.179999999999849,0x1.7cd6156d9a739p+15,0x1.5d09e35000000p+6,-0x1.523b18e000000p+7,0x1.23fadcc700000p+6
9.209999999999848,0x1.7ca966fa24880p+15,-0x1.3eebe0d000000p+6,0x1.fb85064000000p+6,-0x1.6032daeb00000p+6
9.239999999999847,0x1.7c7aa7636c5e3p+15,0x1.37579b7000000p+6,-0x1.2f3a117000000p+7,0x1.4b441ff500000p+6
9.269999999999847,0x1.7c49e42ce8684p+15,-0x1.22d59e9000000p+6,0x1.0256ff6000000p+7,-0x1.8853de0800000p+6
9.299999999999846,0x1.7c173708251b8p+15,0x1.1d7a643000000p+6,-0x1.18ae637000000p+7,0x1.5dd4d55100000p+6
9.329999999999846,0x1.7be2c26bd21b5p+15,-0x1.0b87f6c000000p+6,0x1.fea9588000000p+6,-0x1.940b9d9400000p+6
9.359999999999845,0x1.7bacb03e0db6ep+15,0x1.090a7d0000000p+6,-0x1.08bca4e000000p+7,0x1.63b663ae00000p+6
9.389999999999844,0x1.7b752c1984febp+15,-0x1.f32cc50000000p+5,0x1.f0b0328000000p+6,-0x1.9898ebf000000p+6
9.419999999999844,0x1.7b3c5b000bcddp+15,0x1.f227a94000000p+5,-0x1.f85b32a000000p+6,0x1.61d845bb00000p+6
9.449999999999843,0x1.7b0261697999fp+15,-0x1.d55b3ca000000p+5,0x1.e0eae7a000000p+6,-0x1.93aa5a2a00000p+6
9.479999999999842,0x1.7ac76bc0d4fb2p+15,0x1.d5ffe2a000000p+5,-0x1.e2b6be6000000p+6,0x1.5a4a7bed00000p+6
9.509999999999842,0x1.7a8b9d628a3afp+15,-0x1.b80ce18000000p+5,0x1.ce81cb6000000p+6,-0x1.8c2efa3a00000p+6
9.539999999999841,0x1.7a4f1d40e59a8p+15,0x1.c1fa36c000000p+5,-0x1.ce39718000000p+6,0x1.5345f4cb00000p+6
9.56999999999984,0x1.7a12108f44bf5p+15,-0x1.1b11217000000p+6,0x1.32400e1000000p+7,-0x1.891423b600000p+9
9.59999999999984,0x1.79d43fb1bd83fp+15,0x1.34a1952000000p+6,-0x1.68b1d2d000000p+7,0x1.f0c0481400000p+5
9.62999999999984,0x1.79962b3cdeb30p+15,-0x1.4794794000000p+5,0x1.8408c61000000p+8,-0x1.3daa428900000p-2
9.659999999999838,0x1.795849ae8540dp+15,0x1.ffbe720000000p+5,0x1.c10aa06000000p+6,-0x1.504eb59b00000p+7
9.689999999999838,0x1.791ad0820586dp+15,-0x1.567d968000000p+5,0x1.77aed12000000p+7,-0x1.f9ccae2000000p+5
9.719999999999837,0x1.78debc94e5babp+15,0x1.7765964000000p+5,0x1.84a8f45000000p+4,-0x1.06dc5d3700000p+5
9.749999999999837,0x1.78a4aa86c92e4p+15,-0x1.3f09c14000000p+5,0x1.da888de000000p+6,-0x1.3d019ea900000p+5
9.779999999999836,0x1.786cfa10aab7ep+15,0x1.36faca8000000p+5,-0x1.9135858000000p+4,0x1.5277842900000p+3
9.809999999999835,0x1.7837d9fad8142p+15,-0x1.2423eef000000p+5,0x1.6465be8000000p+6,-0x1.2b30059e00000p+5
9.839999999999835,0x1.78055881b74b4p+15,0x1.0c295d8000000p+5,-0x1.7a2fd6b000000p+5,0x1.f8ddb46400000p+4
9.869999999999834,0x1.77d578b7d12edp+15,-0x1.0b8ad39000000p+5,0x1.2e36761000000p+6,-0x1.4b85f7ea00000p+5
9.899999999999833,0x1.77a83278dd81cp+15,0x1.ed0fed0000000p+4,-0x1.c2ad444000000p+5,0x1.59076ad900000p+5
9.929999999999833,0x1.777d726df0936p+15,-0x1.f123e22000000p+4,0x1.13af1a9000000p+6,-0x1.6565b33500000p+5
9.959999999999832,0x1.77552860da88ap+15,0x1.cd061b6000000p+4,-0x1.dd7bbe0000000p+5,0x1.8329868000000p+5
9.989999999999831,0x1.772f38b61d004p+15,-0x1.d5ad990000000p+4,0x1.0398ebe000000p+6,-0x1.74b2c72e00000p+5
10.01999999999983,0x1.770b8994eb8ecp+15,0x1.b1926f0000000p+4,-0x1.e26de14000000p+5,0x1.938187f800000p+5
10.04999999999983,0x1.76ea031eff8c1p+15,-0x1.c21d2cc000000p+4,0x1.f098afc000000p+5,-0x1.7cd4d02800000p+5
10.07999999999983,0x1.76ca885d678f7p+15,0x1.a79f634000000p+4,-0x1.dfac7f2000000p+5,0x1.9c728e3400000p+5
10.109999999999829,0x1.76ad0aecdccd2p+15,-0x1.b66aa4c000000p+4,0x1.e19d7e6000000p+5,-0x1.7c42d51000000p+5
10.139999999999828,0x1.76917409b1fd2p+15,0x1.c344d44000000p+5,-0x1.0637247000000p+7,0x1.1f70fa6500000p+10
10.169999999999828,0x1.7676eba5d5129p+15,-0x1.155f70b000000p+6,0x1.659a7f2000000p+7,0x1.01f1dfe000000p+4
10.199999999999827,0x1.765dfca28a8f2p+15,0x1.ffedee4000000p+5,-0x1.479c2eb000000p+7,0x1.810717c800000p+8
10.229999999999826,0x1.7647522b95495p+15,0x1.4bf57b6000000p+8,0x1.9ea6514000000p+6,0x1.bee58e4400000p+7
10.259999999999826,0x1.76323a242007bp+15,0x1.f027a64000000p+5,0x1.49f6b27000000p+5,0x1.293df3c200000p+8
10.289999999999825,0x1.761edea7c8d79p+15,0x1.f4043f8000000p+6,-0x1.cdb252e000000p+3,-0x1.99b23a9600000p+7
10.319999999999824,0x1.760db28c4ae7ap+15,-0x1.d920dca000000p+1,0x1.662f276000000p+3,0x1.684e76e000000p+4
10.349999999999824,0x1.75feef7aceb8cp+15,0x1.cbec870000000p+5,-0x1.1842f13000000p+5,-0x1.08efe86900000p+7
10.379999999999823,0x1.75f2989da57dbp+15,-0x1.34f692f000000p+4,0x1.4ec91a4000000p+6,-0x1.e6ec178c00000p+4
10.409999999999823,0x1.75e8a2f288d64p+15,0x1.10d8606000000p+5,-0x1.51d2210000000p+5,-0x1.0a2444d700000p+3
10.439999999999822,0x1.75e11b04abcc2p+15,-0x1.9b47224000000p+4,0x1.eae038a000000p+5,-0x1.7438724900000p+5
10.469999999999821,0x1.75dc0b15798dcp+15,0x1.a2ba240000000p+4,-0x1.92feb30000000p+5,0x1.998ba3ae00000p+4
10.49999999999982,0x1.75d974c6762edp+15,-0x1.ad6dd04000000p+4,0x1.b82a30a000000p+5,-0x1.49c41e4b00000p+5
10.52999999999982,0x1.75d94b49e0a11p+15,0x1.65c4df9000000p+4,-0x1.a629318000000p+5,0x1.376f9b1700000p+5
10.55999999999982,0x1.75db8123d19b3p+15,-0x1.aa1ba7a000000p+4,0x1.9c496c2000000p+5,-0x1.31e4970600000p+5
10.589999999999819,0x1.75e00afece425p+15,0x1.57e803c000000p+4,-0x1.ab1dacc000000p+5,0x1.66369ca700000p+5
10.619999999999818,0x1.75e6df045420cp+15,-0x1.a374bcc000000p+4,0x1.913b80c000000p+5,-0x1.256320ce00000p+5
10.649999999999817,0x1.75efe6728a752p+15,0x1.3fd4036000000p+4,-0x1.a992248000000p+5,0x1.6d28117600000p+5
10.679999999999817,0x1.75fb0d697e430p+15,-0x1.981a9c0000000p+4,0x1.847bfbd000000p+5,-0x1.219213ce00000p+5
10.709999999999816,0x1.76084f42b5ee9p+15,0x1.32a6e31000000p+4,-0x1.a30c2f2000000p+5,0x1.730b082d00000p+5
10.739999999999815,0x1.76179a73d379dp+15,-0x1.8b98e81000000p+4,0x1.7950e6d000000p+5,-0x1.1da01ff400000p+5
10.769999999999815,0x1.7628d91ca338cp+15,0x1.242d634000000p+4,-0x1.9c8fa00000000p+5,0x1.709508e100000p+5
10.799999999999814,0x1.763bfc8e41f79p+15,-0x1.7eb6015000000p+4,0x1.6d661d4000000p+5,-0x1.1916f1bf00000p+5
10.829999999999814,0x1.7650f9b59e15fp+15,0x1.07f2fa5000000p+1,-0x1.847ed26000000p+5,0x1.22cec21e00000p+5
10.859999999999813,0x1.7667c43230505p+15,-0x1.1d6e9fb000000p+4,0x1.260b9c4000000p+5,-0x1.34a367ec00000p+5
10.889999999999812,0x1.7680463ef8b21p+15,-0x1.1059261000000p+6,0x1.0353b20000000p+7,-0x1.0a978b9500000p+11
10.919999999999812,0x1.7697fa153f974p+15,0x1.68fdfa2000000p+5,-0x1.42fce98000000p+7,-0x1.5a279ea200000p+10
10.949999999999811,0x1.76b0766d7fbeep+15,-0x1.06443d9000000p+5,0x1.3b1cad4000000p+6,-0x1.7573012400000p+9
10.97999999999981,0x1.76cce4303260bp+15,0x1.68f566d000000p+5,0x1.c2c78c6000000p+7,-0x1.98b5621200000p+8
11.00999999999981,0x1.76ebe4fdb87d7p+15,-0x1.d3117ea000000p+4,0x1.5dfa1dc000000p+6,-0x1.1552787900000p+5
11.039999999999809,0x1.770d4c4287dccp+15,0x1.3f3a873000000p+4,0x1.8926eaf000000p+6,-0x1.74c99be800000p+7
11.069999999999808,0x1.77317e5638542p+15,-0x1.713502b000000p+4,0x1.420f7f6000000p+5,0x1.5cbed0f400000p+5
11.099999999999808,0x1.7758bc467666ap+15,0x1.908ed5a000000p+2,0x1.765e0ca000000p+5,-0x1.40c3b51800000p+6
11.129999999999807,0x1.77834b569dc65p+15,-0x1.27a5186000000p+4,0x1.1bff8bd000000p+4,0x1.6759deaa00000p+5
11.159999999999807,0x1.77b14cc87a8cfp+15,-0x1.d552086000000p-2,0x1.71d31a9000000p+4,-0x1.084de93800000p+5
11.189999999999806,0x1.77e2ccadadbc8p+15,-0x1.f7148fe000000p+3,0x1.16ee87e000000p+3,0x1.1f764fa100000p+5
11.219999999999805,0x1.7817c817200bdp+15,-0x1.094b181000000p+2,0x1.779eb8d000000p+3,-0x1.5cf6bfcd00000p+3
11.249999999999805,0x1.78503c58a8aa0p+15,-0x1.b72061c000000p+3,0x1.4d69070000000p+2,0x1.c4c0404800000p+4
11.279999999999804,0x1.788c237ba6403p+15,-0x1.84b03c6000000p+1,0x1.a44b596000000p+2,-0x1.59e5083f00000p+1
11.309999999999803,0x1.78cb723a50eeep+15,-0x1.3d69c51000000p+3,0x1.5ca567e000000p+2,0x1.3d82b58900000p+4
11.339999999999803,0x1.790e1f3b98f1ap+15,-0x1.9ac94dc000000p+1,0x1.0595951000000p+2,0x1.4edf089b00000p+0
11.369999999999802,0x1.7954228f7228cp+15,-0x1.fd339a6000000p+2,0x1.17f541b000000p+2,0x1.6bc843f000000p+3
11.399999999999801,0x1.799d6f239176cp+15,-0x1.1486f91000000p+8,0x1.8f50a0b000000p+7,-0x1.01d84a8f00000p+8
11.4299999999998,0x1.79e9eae18aba9p+15,-0x1.0bc29cd000000p+8,-0x1.3580323000000p+7,-0x1.86db43e000000p+6
11.4599999999998,0x1.7a397d67f96a4p+15,-0x1.612c15c000000p+7,-0x1.47db897000000p+7,0x1.1e0756ce00000p+11
11.4899999999998,0x1.7a886a85980d3p+15,-0x1.ab8067c000000p+7,-0x1.e2e6922000000p+5,0x1.b2b4457000000p+9
11.519999999999799,0x1.7ad73ff18dcc5p+15,-0x1.8373382000000p+6,-0x1.d3ebd14000000p+6,0x1.71fd65cf00000p+9
11.549999999999798,0x1.7b276c41ae438p+15,-0x1.52a7c53000000p+6,0x1.4a05b95000000p+3,0x1.2f97946700000p+8
11.579999999999798,0x1.7b75b212b7d8dp+15,-0x1.2852aac000000p+4,-0x1.ccdbe84000000p+5,0x1.45f26eb200000p+8
11.609999999999797,0x1.7bc14a9dfa21ep+15,-0x1.4b7a94e000000p+5,0x1.e62b3a8000000p+4,0x1.3625e9b900000p+6
11.639999999999796,0x1.7c09c1ce357e6p+15,0x1.f093a52000000p+2,-0x1.2d50220000000p+5,0x1.3502ee0600000p+7
11.669999999999796,0x1.7c4f0fe78a925p+15,-0x1.a916954000000p+4,0x1.099fa24000000p+5,-0x1.64f9b53600000p+1
11.699999999999795,0x1.7c9140d46999ap+15,0x1.f92bc46000000p+3,-0x1.e66de10000000p+4,0x1.512791b800000p+6
11.729999999999794,0x1.7cd078e18dbddp+15,-0x1.4cbdfea000000p+4,0x1.f48514c000000p+4,-0x1.c09449d800000p+4
11.759999999999794,0x1.7d0cea661f67dp+15,0x1.17d2c0e000000p+4,-0x1.adb3872000000p+4,0x1.b898483800000p+5
11.789999999999793,0x1.7d46c28df7559p+15,-0x1.29d4948000000p+4,0x1.c7661ac000000p+4,-0x1.13e9d82900000p+5
11.819999999999792,0x1.7d7e31a148486p+15,0x1.197b984000000p+4,-0x1.8973ae8000000p+4,0x1.4fbf306500000p+5
11.849999999999792,0x1.7db3613453fe1p+15,-0x1.0afbdd2000000p+4,0x1.9da4f80000000p+4,-0x1.0be4a19a00000p+5
11.879999999999791,0x1.7de67c96084bbp+15,0x1.0bbe90e000000p+4,-0x1.670e223000000p+4,0x1.16769d8900000p+5
11.90999999999979,0x1.7e17b31128adcp+15,-0x1.fe2b4ee000000p+3,0x1.7a6d567000000p+4,-0x1.fc93bc6600000p+4
11.93999999999979,0x1.7e472dfb8d32cp+15,0x1.08d83b6000000p+4,-0x1.4f0ea88000000p+4,0x1.eb1964c200000p+4
11.96999999999979,0x1.7e750e9e3fa92p+15,-0x1.d44ce66000000p+3,0x1.5cf96d4000000p+4,-0x1.cbc588c600000p+4
11.999999999999789,0x1.7ea177b6e0765p+15,0x1.e81f72c000000p+3,-0x1.36a3b33000000p+4,0x1.af6ddd9a00000p+4
12.029999999999788,0x1.7ecc93f362dd8p+15,-0x1.20952ab000000p+5,0x1.281e9f5000000p+6,-0x1.ae44b55600000p+9
12.059999999999787,0x1.7ef623811f14dp+15,0x1.5ec561b000000p+5,-0x1.8d5197b000000p+6,0x1.620d95ae00000p+5
12.089999999999787,0x1.7f1ecae65a529p+15,-0x1.53d5666000000p+5,0x1.70118e3000000p+6,-0x1.3e66b72a00000p+8
12.119999999999786,0x1.7f46f893ce170p+15,0x1.77e6460000000p+5,-0x1.5eaac08000000p+6,0x1.d86fdce800000p+6
12.149999999999785,0x1.7f6e6d76f560ap+15,0x1.bf7bcf8000000p+6,0x1.0364ab5000000p+6,-0x1.4b11c55500000p+6
12.179999999999785,0x1.7f95587607e75p+15,-0x1.00a2700000000p+3,-0x1.96365b4000000p+4,0x1.bfcd14c600000p+6
12.209999999999784,0x1.7fbbec24f8a7fp+15,0x1.9462b48000000p+5,0x1.c792f40000000p+3,-0x1.2da5840200000p+7
12.239999999999783,0x1.7fe27f27e1487p+15,-0x1.f738c7c000000p+3,0x1.86f37a5000000p+3,0x1.a9481eb200000p+5
12.269999999999783,0x1.800930c2f1080p+15,0x1.b448a2a000000p+4,0x1.2184bdf000000p-1,-0x1.26dfecb100000p+6
12.299999999999782,0x1.80302fd2c2f11p+15,-0x1.e0061bc000000p+3,0x1.1ed3db4000000p+3,0x1.78a253cc00000p+4
12.329999999999782,0x1.805791c18b086p+15,0x1.1331d44000000p+4,-0x1.6a524c0000000p+2,-0x1.024164cf00000p+5
12.359999999999781,0x1.807f799eab292p+15,-0x1.9e4965c000000p+3,0x1.10878c3000000p+3,0x1.1851628d00000p+3
12.38999999999978,0x1.80a7fdff4cf93p+15,0x1.822e0ad000000p+3,-0x1.085447b000000p+3,-0x1.6420b30300000p+3
12.41999999999978,0x1.80d125f7ee483p+15,-0x1.5100f30000000p+3,0x1.0b291bf000000p+3,0x1.c105351200000p-2
12.449999999999779,0x1.80fafccd92aa8p+15,0x1.23507ed000000p+3,-0x1.1ac5371000000p+3,-0x1.14dafe8900000p-1
12.479999999999778,0x1.812589e37a5e0p+15,-0x1.1479328000000p+3,0x1.05df57e000000p+3,-0x1.1d40986300000p+2
12.509999999999778,0x1.8150d324a5c26p+15,0x1.e42ae00000000p+2,-0x1.20721a2000000p+3,0x1.464200d000000p+2
12.539999999999777,0x1.817cdf46ccb2bp+15,-0x1.f666614000000p+2,0x1.f37e532000000p+2,-0x1.e2c785b000000p+2
12.569999999999776,0x1.81a9b4db58e7ep+15,-0x1.93ece52000000p+5,0x1.f9b3c40000000p+6,-0x1.d37f12c600000p+10
12.599999999999776,0x1.81d59a5900521p+15,0x1.eada0e8000000p+5,-0x1.566462f000000p+7,-0x1.af4cb35e00000p+7
12.629999999999775,0x1.8202d6106eaf6p+15,-0x1.dc2c320000000p+5,0x1.1684b9f000000p+7,-0x1.3baf912800000p+9
12.659999999999775,0x1.823300166167ap+15,0x1.0cdf865000000p+6,-0x1.1199cc0000000p+7,0x1.bcb6978a00000p+6
12.689999999999774,0x1.826466595971cp+15,-0x1.071eb10000000p+6,0x1.bcd32ee000000p+6,-0x1.4955382800000p+8
12.719999999999773,0x1.8297321c23ad1p+15,0x1.09ed774000000p+6,-0x1.d3c9fde000000p+6,0x1.3d1ffe0d00000p+7
12.749999999999773,0x1.82cb31cdc288fp+15,-0x1.0ca4201000000p+6,0x1.86aae51000000p+6,-0x1.a6428b8a00000p+7
12.779999999999772,0x1.83006b034061bp+15,0x1.f96296c000000p+5,-0x1.9c4322c000000p+6,0x1.27fa476800000p+7
12.809999999999771,0x1.8336d438980f6p+15,-0x1.02621e4000000p+6,0x1.60db270000000p+6,-0x1.3b52e19e00000p+7
12.83999999999977,0x1.836e73f73bd85p+15,0x1.776d056000000p+8,-0x1.77fd4bc000000p+5,0x1.08deb3a000000p+9
12.86999999999977,0x1.83a722e1174fap+15,0x1.c988d54000000p+6,0x1.a10ab20000000p+6,-0x1.6942986f00000p+6
12.89999999999977,0x1.83e15d155a0a0p+15,0x1.1aa869a000000p+7,-0x1.52bd71a000000p+6,0x1.39750fd700000p+5
12.929999999999769,0x1.841db22ec1346p+15,0x1.16d791c000000p+1,0x1.0b2f1be000000p+6,-0x1.afc6948a00000p+7
12.959999999999768,0x1.845c1aea1c539p+15,0x1.1ff367c000000p+6,-0x1.4adc401000000p+6,0x1.ce7535b200000p+4
12.989999999999768,0x1.849c83db09615p+15,-0x1.ceb5840000000p+4,-0x1.f8a61fe000000p+7,0x1.def98fb400000p+6
13.019999999999767,0x1.84deae6a8dd70p+15,0x1.d8c399a000000p+4,-0x1.42e6512000000p+7,-0x1.9c08780000000p+7
13.049999999999766,0x1.8520f71c2d6a8p+15,-0x1.e68c84c000000p+3,-0x1.077f541000000p+7,0x1.826f5a5800000p+5
13.079999999999766,0x1.856151c9046bbp+15,0x1.2b87f4c000000p+4,-0x1.4b45415000000p+6,-0x1.c4b7272e00000p+6
13.109999999999765,0x1.859e462ad515ap+15,-0x1.096fe5f000000p+3,-0x1.06f01d9000000p+6,0x1.6ff12f1400000p+4
13.139999999999764,0x1.85d6daaec0171p+15,0x1.7ef9c8e000000p+3,-0x1.487d048000000p+5,-0x1.ecaae5ea00000p+5
13.169999999999764,0x1.860a7219faaa6p+15,-0x1.0c6b7c1000000p+2,-0x1.f5bcba0000000p+4,0x1.7f1f5e5c00000p+3
13.199999999999763,0x1.8638aa3c07373p+15,0x1.0ec6c64000000p+3,-0x1.4261f33000000p+4,-0x1.07e6561500000p+5
13.229999999999762,0x1.86615d57a1509p+15,0x1.3a77e99000000p+6,-0x1.859fd13000000p+7,0x1.245f45db00000p+11
13.259999999999762,0x1.8681a79ba3f16p+15,-0x1.7178ca4000000p+6,0x1.4e499cc000000p+7,0x1.01ff14bc00000p+9
13.289999999999761,0x1.869b8e3970f31p+15,0x1.3cbf913000000p+6,-0x1.2104bec000000p+7,0x1.9952106c00000p+9
13.31999999999976,0x1.86b1d5eeba275p+15,-0x1.7e29d36000000p+6,0x1.2e75524000000p+7,-0x1.a6c25a4a00000p+3
13.34999999999976,0x1.86c28bbf4ae2ep+15,0x1.43642a5000000p+6,-0x1.e958120000000p+6,0x1.7b7a4c2600000p+8
13.37999999999976,0x1.86ce168c9c470p+15,-0x1.62f2a1d000000p+6,0x1.08edb2b000000p+7,-0x1.0edeb75a00000p+7
13.409999999999759,0x1.86d49600e715dp+15,0x1.3c3240a000000p+6,-0x1.b915396000000p+6,0x1.d0ea277600000p+7
13.439999999999758,0x1.86d6729739bc4p+15,-0x1.466a5f3000000p+6,0x1.d2fd2b8000000p+6,-0x1.2c7abea800000p+7
13.469999999999757,0x1.86d3f6cd3bb0fp+15,0x1.2a93b7c000000p+6,-0x1.968f77c000000p+6,0x1.5a5c822f00000p+7
13.499999999999757,0x1.86cd7047868d0p+15,-0x1.2b77cff000000p+6,0x1.a144bd6000000p+6,-0x1.1afdb39c00000p+7
13.529999999999756,0x1.86c32a172ef9ep+15,0x1.11b75fe000000p+6,-0x1.3096047000000p+7,0x1.7abafc9000000p+7
13.559999999999755,0x1.86b5595614bdap+15,-0x1.19fec26000000p+6,0x1.67b4b91000000p+6,-0x1.6a2246a400000p+7
13.589999999999755,0x1.86a40471ded0bp+15,0x1.0ec9649000000p+6,-0x1.d8e09dc000000p+6,0x1.4eed367d00000p+7
13.619999999999754,0x1.868f1a4377acbp+15,-0x1.068ba22000000p+8,0x1.b424008000000p+7,-0x1.5ab147d800000p+8
13.649999999999753,0x1.8676a71f582e6p+15,-0x1.e684282000000p+7,-0x1.8bba7cf000000p+7,0x1.c6431b7000000p+4
13.679999999999753,0x1.865b400b5f520p+15,-0x1.63bd8fd000000p+7,0x1.c490fea000000p+5,-0x1.1b77de0600000p+8
13.709999999999752,0x1.863cef50e6a13p+15,-0x1.96af69e000000p+5,-0x1.b6c55dc000000p+6,0x1.31a781d100000p+8
13.739999999999752,0x1.861b070d1c52ap+15,-0x1.3b7ac65000000p+6,0x1.2f93afa000000p+6,-0x1.b263c60400000p+6
13.76999999999975,0x1.85f57383b30b6p+15,0x1.7b5c7c5000000p+3,-0x1.30c4c9e000000p+6,0x1.d93bc03800000p+7
13.79999999999975,0x1.85cc47fd72cd0p+15,-0x1.9d72206000000p+5,0x1.2a1a998000000p+6,-0x1.7dd9ae6200000p+6
13.82999999999975,0x1.859fafa2ee224p+15,0x1.f03ff42000000p+4,-0x1.fa21560000000p+5,0x1.41ecc47500000p+7
13.859999999999749,0x1.856fe21c0c98bp+15,-0x1.59ef0ec000000p+5,0x1.11490a9000000p+6,-0x1.73f51a8a00000p+6
13.889999999999748,0x1.853d2e736ccb0p+15,0x1.245b543000000p+5,-0x1.c6f4f20000000p+5,0x1.d123310600000p+6
13.919999999999748,0x1.8507d77ca28d8p+15,-0x1.413ae34000000p+5,0x1.f301050000000p+5,-0x1.5d60dbdd00000p+6
13.949999999999747,0x1.84d01b521148ep+15,0x1.2bae1f1000000p+5,-0x1.a56b1e2000000p+5,0x1.6f5b06a600000p+6
13.979999999999746,0x1.849632810ec51p+15,-0x1.2dc5089000000p+5,0x1.c98bbd0000000p+5,-0x1.3d795a8400000p+6
14.009999999999746,0x1.845a5c9e6abd9p+15,0x1.d9c4dd0000000p+5,-0x1.9babf08000000p+6,0x1.cfee6b2000000p+9
14.039999999999745,0x1.841c5e7a12f38p+15,-0x1.0eb7bdd000000p+6,0x1.e204536000000p+6,-0x1.e3533e3e00000p+6
14.069999999999744,0x1.83dcace15ae9ep+15,0x1.02b89f9000000p+6,-0x1.ab3d2e6000000p+6,0x1.7bc5273c00000p+8
14.099999999999744,0x1.839bdabfb8d9dp+15,-0x1.1b84703000000p+6,0x1.ce3c918000000p+6,-0x1.36b8327400000p+7
14.129999999999743,0x1.8359baf57dcffp+15,0x1.04982a1000000p+6,-0x1.86d08c2000000p+6,0x1.b71895a800000p+7
14.159999999999743,0x1.83168b60bf64ap+15,-0x1.0ee4a6b000000p+6,0x1.a0caa84000000p+6,-0x1.27f1a95a00000p+7
14.189999999999742,0x1.82d2766980ea2p+15,0x1.0213cdd000000p+6,-0x1.c161b94000000p+7,0x1.00dff74500000p+8
14.219999999999741,0x1.828d8f1edb5acp+15,-0x1.25dcb15000000p+6,0x1.b07879c000000p+5,-0x1.bbea2a8800000p+7
14.24999999999974,0x1.82477ea902388p+15,0x1.10adc62000000p+6,-0x1.3df3fbe000000p+7,0x1.662bf80b00000p+7
14.27999999999974,0x1.81ffdbea8c295p+15,-0x1.16092f6000000p+6,0x1.2d07e8f000000p+6,-0x1.5aefd11f00000p+7
14.30999999999974,0x1.81b660e7216f6p+15,0x1.8ddfc30000000p+8,0x1.70f4aad000000p+5,0x1.cb09706e00000p+9
14.339999999999739,0x1.816a87889c0a0p+15,0x1.6e65eb3000000p+8,-0x1.8bd8ea0000000p+4,-0x1.380f766e00000p+5
14.369999999999738,0x1.811d3f4c52f5dp+15,0x1.0a5a6d0000000p+8,0x1.81c2b96000000p+3,-0x1.2d45399e00000p+3
14.399999999999737,0x1.80cf2604a10dcp+15,0x1.013b437000000p+7,-0x1.4757aa1000000p+3,-0x1.955ed47200000p+7
14.429999999999737,0x1.807fd88f7611ap+15,0x1.5cae4c7000000p+6,-0x1.db3dd42000000p+4,-0x1.54193e2600000p+7
14.459999999999736,0x1.802f767720f53p+15,0x1.00ba634000000p+5,-0x1.ef6f87e000000p+3,-0x1.28cb772a00000p+7
14.489999999999736,0x1.7fde16abf8d26p+15,0x1.fb7575e000000p+4,-0x1.e77bc08000000p+4,-0x1.7cabb1ca00000p+6
14.519999999999735,0x1.7f8bd1309cad6p+15,0x1.ccd7ce4000000p+1,-0x1.2ddee35000000p+3,-0x1.30d9dccc00000p+6
14.549999999999734,0x1.7f38ca4f747cfp+15,0x1.b77b882000000p+3,-0x1.7c6c07f000000p+4,-0x1.2e6eb84f00000p+5
14.579999999999734,0x1.7ee525c7b3676p+15,-0x1.e783dea000000p+5,0x1.02ab2a4000000p+7,-0x1.d503535a00000p+10
14.609999999999733,0x1.7e8f276deeafep+15,0x1.34ff96c000000p+6,-0x1.8fdadf5000000p+7,-0x1.1fc979ab00000p+8
14.639999999999732,0x1.7e39269c423a7p+15,-0x1.11dc408000000p+6,0x1.2999be0000000p+7,-0x1.2a16a56400000p+9
14.669999999999732,0x1.7de4fbc4cb077p+15,0x1.3e5a90d000000p+6,-0x1.54ee390000000p+7,0x1.7e80344400000p+5
14.699999999999731,0x1.7d91063215dc8p+15,-0x1.1947c9c000000p+6,0x1.0f386c0000000p+7,-0x1.23466ddc00000p+8
14.72999999999973,0x1.7d3d7269486a1p+15,0x1.2ee658a000000p+6,-0x1.1d9236a000000p+7,0x1.059c603900000p+7
14.75999999999973,0x1.7cea26ad7fc44p+15,-0x1.152ee94000000p+6,0x1.f0f6120000000p+6,-0x1.8002946000000p+7
14.78999999999973,0x1.7c9749b1e3597p+15,0x1.1c7904b000000p+6,-0x1.f6dc33c000000p+6,0x1.0e6bd89d00000p+7
14.819999999999729,0x1.7c44fab8a8bc0p+15,-0x1.1ddd018000000p+8,0x1.2567d8d000000p+8,-0x1.827d3c0e00000p+8
14.849999999999728,0x1.7bf357abff7a7p+15,-0x1.108ecc7000000p+8,-0x1.bd05f6e000000p+6,-0x1.6a33b1a000000p+5
14.879999999999727,0x1.7ba2ceb9ddf0fp+15,-0x1.f2bbdac000000p+7,0x1.90fbc52000000p+6,-0x1.06d96dc000000p+8
14.909999999999727,0x1.7b538ed643d4fp+15,-0x1.eace3d8000000p+7,-0x1.0e7138b000000p+7,0x1.edc4145600000p+6
14.939999999999726,0x1.7b052ff03a017p+15,-0x1.771f5db000000p+6,0x1.97637ac000000p+5,-0x1.355777a000000p+6
14.969999999999725,0x1.7ab74fa5ad671p+15,-0x1.353e0d6000000p+6,-0x1.6790e53000000p+5,0x1.25b9347300000p+8
14.999999999999725,0x1.7a697ee236a72p+15,-0x1.b86f518000000p+4,0x1.b3cc998000000p+5,-0x1.3c40d3ae00000p+4
15.029999999999724,0x1.7a1bc37e18111p+15,-0x1.5321251000000p+4,-0x1.acf735c000000p+4,0x1.7659744200000p+7
15.059999999999723,0x1.79ce33b4edf9ap+15,-0x1.687d154000000p+3,0x1.6fddb97000000p+5,-0x1.04fab77500000p+5
15.089999999999723,0x1.7980eef18deaap+15,-0x1.33cc09f000000p+0,-0x1.9f533ae000000p+4,0x1.99f3355a00000p+6
15.119999999999722,0x1.79341bbd2ef93p+15,-0x1.076144c000000p+3,0x1.4afdbd8000000p+5,-0x1.1eabad1e00000p+6
15.149999999999721,0x1.78e7d80a76d14p+15,0x1.eb34796000000p+2,-0x1.f9fc7ec000000p+4,0x1.d1385cf200000p+5
15.17999999999972,0x1.789c453b09721p+15,-0x1.1ff92ac000000p+3,0x1.2e51688000000p+5,-0x1.881fe36400000p+5
15.20999999999972,0x1.785178cf565e6p+15,0x1.702ffcd000000p+3,-0x1.039723a000000p+5,0x1.4d78603300000p+5
15.23999999999972,0x1.780792fa4ff29p+15,-0x1.4a3e6cf000000p+2,0x1.16ae8f5000000p+5,-0x1.67bbf21600000p+5
15.269999999999719,0x1.77beabfd0b5a3p+15,0x1.0862517000000p+4,-0x1.e7cf13c000000p+4,0x1.dd99731400000p+4
15.299999999999718,0x1.7776d33089bc6p+15,-0x1.278e990000000p+2,0x1.03dc4ac000000p+5,-0x1.613cc98800000p+5
15.329999999999718,0x1.773020e3d54fep+15,0x1.3023b2d000000p+4,-0x1.dad7d3a000000p+4,0x1.49e1d6b100000p+4
15.359999999999717,0x1.76eaa80c79f23p+15,-0x1.1b22882000000p+2,0x1.f8447b0000000p+4,-0x1.501b44a900000p+5
15.389999999999716,0x1.76a6774d3a27bp+15,0x1.3b6bbf7000000p+4,-0x1.d67932e000000p+4,0x1.f69cda9000000p+3
15.419999999999716,0x1.76639ca9b0c33p+15,0x1.79dd4d0000000p+7,0x1.62cd317000000p+8,0x1.6b59928900000p+6
15.449999999999715,0x1.762222d89aa63p+15,-0x1.8bc2e2f000000p+5,0x1.83ac240000000p+7,0x1.250d2bec00000p+6
15.479999999999714,0x1.75e29865d2722p+15,0x1.9844fe0000000p+6,0x1.aaeff5a000000p+6,-0x1.494b02e000000p+7
15.509999999999714,0x1.75a5d56a197cfp+15,-0x1.9ca2632000000p+5,0x1.eac35d2000000p+6,0x1.edd9f2f800000p+5
15.539999999999713,0x1.756c3b2e5e2eap+15,0x1.fb4df88000000p+5,0x1.760894f000000p+3,-0x1.98107c3400000p+6
15.569999999999713,0x1.75360616effabp+15,-0x1.6730d50000000p+5,0x1.554ef83000000p+6,0x1.6444b54600000p+4
15.599999999999712,0x1.75034f24c13f0p+15,0x1.6904997000000p+5,-0x1.b4f644a000000p+4,-0x1.140a410900000p+5
15.629999999999711,0x1.74d415e5a5c90p+15,-0x1.3211714000000p+5,0x1.164a413000000p+6,-0x1.a3ad744800000p+1
15.65999999999971,0x1.74a84198c6d8ep+15,-0x1.9655a4a000000p+3,0x1.312184f000000p+6,-0x1.983fc5ac00000p+10
15.68999999999971,0x1.747e476175d53p+15,0x1.a2882a4000000p+4,-0x1.0e6c99e000000p+7,-0x1.b75c2f5200000p+7
15.71999999999971,0x1.7457b4b007ba8p+15,-0x1.aadc4e6000000p+4,0x1.f112b22000000p+6,-0x1.eecc06a600000p+8
15.749999999999709,0x1.7435b97a08e28p+15,0x1.21d50ee000000p+5,-0x1.e6b8cb2000000p+6,0x1.593f4c8300000p+5
15.779999999999708,0x1.7416d837b3046p+15,-0x1.266fea6000000p+5,0x1.d11f950000000p+6,-0x1.b9c77e4a00000p+7
15.809999999999707,0x1.73fafb24dd440p+15,0x1.373dd9b000000p+5,-0x1.ba3cabc000000p+6,0x1.863a79c400000p+6
15.839999999999707,0x1.73e1e0f567252p+15,-0x1.4bc07f5000000p+5,0x1.ae0524e000000p+6,-0x1.0cad54ff00000p+7
15.869999999999706,0x1.73cb782aa13d6p+15,0x1.3a92bfe000000p+5,-0x1.9c4becc000000p+6,0x1.8d13d90c00000p+6
15.899999999999705,0x1.73b79b44ebaf3p+15,-0x1.57ecaa6000000p+5,0x1.901d7e0000000p+6,-0x1.92ee303e00000p+6
15.929999999999705,0x1.73a62bd6daec6p+15,0x1.817f58f000000p+8,-0x1.2e44208000000p+6,0x1.0998058500000p+9
15.959999999999704,0x1.7396e62b395b2p+15,0x1.9e04228000000p+7,0x1.459684d000000p+7,0x1.64cc177a00000p+5
15.989999999999704,0x1.7389d3edb98edp+15,0x1.0ffd349000000p+7,-0x1.5e352c8000000p+6,0x1.30b5265c00000p+5
16.019999999999705,0x1.737f0402c290cp+15,0x1.8375a47000000p+5,0x1.24cf745000000p+6,-0x1.ed82dc0c00000p+7
16.04999999999971,0x1.7376357062fe1p+15,0x1.aeb359c000000p+5,-0x1.7712511000000p+6,-0x1.8f3d084800000p+1
16.079999999999714,0x1.736f47fcc4da1p+15,-0x1.4106f0d000000p+2,0x1.e2167a4000000p+5,-0x1.5ea63cbd00000p+7
16.10999999999972,0x1.736a14f1f13a5p+15,0x1.daf2252000000p+4,-0x1.4b21e5c000000p+6,0x1.152e158800000p+5
16.139999999999723,0x1.73667c2d0f14fp+15,-0x1.6d70d1e000000p+4,0x1.e6e4ef2000000p+5,-0x1.aed2d52000000p+6
16.169999999999728,0x1.73646947d2ecbp+15,0x1.6b7c83c000000p+4,-0x1.21725d4000000p+6,0x1.bdc3ad4800000p+5
16.199999999999733,0x1.7363c39873accp+15,0x1.b2dbe08000000p+5,0x1.3a09bce000000p+7,0x1.1082d42e00000p+11
16.229999999999738,0x1.7361e1b562c92p+15,-0x1.cf2cdd2000000p+5,0x1.2df0e4b000000p+7,0x1.66c1594100000p+9
16.259999999999742,0x1.73613d4bd4e7dp+15,0x1.36496f6000000p+5,0x1.63fb289000000p+5,0x1.3c917c1e00000p+9
16.289999999999747,0x1.73651c153e037p+15,-0x1.b20333c000000p+5,0x1.d9230f2000000p+6,0x1.a56426ec00000p+7
16.31999999999975,0x1.736bb67fd5efep+15,0x1.1d645b9000000p+5,0x1.78dfd58000000p+0,0x1.cd476ae800000p+7
16.349999999999756,0x1.7375348863d58p+15,-0x1.6964392000000p+5,0x1.577c067000000p+6,0x1.386351b700000p+5
16.37999999999976,0x1.7381a4f912ed1p+15,0x1.0a25b5b000000p+5,-0x1.813ec42000000p+4,0x1.aa5c440e00000p+6
16.409999999999766,0x1.739127ddd4e45p+15,-0x1.2a6d6ca000000p+5,0x1.0cb5f8d000000p+6,-0x1.83b27d0000000p+3
16.43999999999977,0x1.73a3cde2979e5p+15,0x1.ed6ade4000000p+4,-0x1.2a82944000000p+5,0x1.0c6db10100000p+6
16.469999999999775,0x1.73b9ae52fbadfp+15,-0x1.0268580000000p+5,0x1.c313096000000p+5,-0x1.d45f118c00000p+4
16.49999999999978,0x1.73d2d50fcd3ebp+15,0x1.c69152e000000p+4,-0x1.4fc5918000000p+5,0x1.be2b18de00000p+5
16.529999999999784,0x1.73ef46ba23979p+15,-0x1.cb58076000000p+4,0x1.85cf699000000p+5,-0x1.235625c900000p+5
16.55999999999979,0x1.740efceefff58p+15,0x1.9d0f1d8000000p+4,-0x1.4d392d0000000p+5,0x1.a31aa92e00000p+5
16.589999999999794,0x1.7431f61b7c39dp+15,-0x1.9f84760000000p+4,0x1.554f81b000000p+5,-0x1.3e974d2700000p+5
16.6199999999998,0x1.74583769fae69p+15,0x1.762e181000000p+4,-0x1.3626813000000p+5,0x1.9b9f80e800000p+5
16.649999999999803,0x1.7481b7ebac2c6p+15,-0x1.7fed56e000000p+4,0x1.267f0ef000000p+5,-0x1.4791161000000p+5
16.679999999999808,0x1.74ae6f3ea9639p+15,-0x1.8219c11000000p+7,-0x1.967008e000000p+3,-0x1.894695c600000p+6
16.709999999999813,0x1.74de52d956253p+15,0x1.24aaf30000000p+5,-0x1.ce1d4e6000000p+5,-0x1.010683ec00000p+6
16.739999999999817,0x1.75114a1e29d97p+15,-0x1.a370e14000000p+6,-0x1.d4d2656000000p+7,0x1.d457e4a200000p+7
16.769999999999822,0x1.7546f798fc58ap+15,0x1.3b5990c000000p+5,-0x1.347d10b000000p+6,-0x1.879811dc00000p+7
16.799999999999827,0x1.757e897dd9fbcp+15,-0x1.a37f586000000p+5,-0x1.73d7f63000000p+6,0x1.99bbf4d200000p+7
16.82999999999983,0x1.75b718c9f06cfp+15,0x1.d069100000000p+4,-0x1.1963681000000p+5,-0x1.b7c6571a00000p+6
16.859999999999836,0x1.75f00f4fb3854p+15,-0x1.c99f3ec000000p+4,-0x1.3c23c4d000000p+5,0x1.cb31a75a00000p+6
16.88999999999984,0x1.76291548d009fp+15,0x1.3930bbc000000p+4,-0x1.4f4cf68000000p+4,-0x1.1175f56400000p+6
16.919999999999845,0x1.7661ee6ed0424p+15,-0x1.0bd05b9000000p+4,-0x1.135ef56000000p+4,0x1.c1d76c8000000p+5
16.94999999999985,0x1.769a68b142836p+15,-0x1.b85cfee000000p+5,0x1.0625150000000p+7,-0x1.fe74663400000p+10
16.979999999999855,0x1.76d03ecae17fap+15,0x1.640c85e000000p+5,-0x1.4acf977000000p+7,-0x1.2ec3dd2f00000p+10
17.00999999999986,0x1.770525c433b89p+15,-0x1.ca70474000000p+4,0x1.5e12818000000p+6,-0x1.5ce19e2200000p+9
17.039999999999864,0x1.773be0a4e252bp+15,0x1.5baf4b3000000p+5,-0x1.a8c192c000000p+6,-0x1.cb462c4800000p+7
17.06999999999987,0x1.7773114de89e8p+15,-0x1.01096da000000p+5,0x1.30ad80f000000p+6,-0x1.0ffbb3e500000p+8
17.099999999999874,0x1.77aa0b62e569ep+15,0x1.3687406000000p+5,-0x1.453b1cd000000p+6,0x1.022d048000000p+4
17.129999999999878,0x1.77e081c79ccd8p+15,-0x1.1935998000000p+5,0x1.fb5509e000000p+5,-0x1.3346b2e100000p+7
17.159999999999883,0x1.78167425de8c9p+15,0x1.1f428cc000000p+5,-0x1.00e9948000000p+6,0x1.27db614000000p+6
17.189999999999888,0x1.784bd81c8cb16p+15,-0x1.1cb6c48000000p+5,0x1.b4a28d6000000p+5,-0x1.af0e9dd000000p+6
17.219999999999892,0x1.7880b1c996facp+15,0x1.08e0214000000p+5,-0x1.b61d8b4000000p+5,0x1.2d80772500000p+6
17.249999999999897,0x1.78b4f54b70b51p+15,-0x1.10ab80e000000p+5,0x1.8b404d4000000p+5,-0x1.49a175bc00000p+6
17.2799999999999,0x1.78e8a90409a4fp+15,0x1.e704de2000000p+4,-0x1.819c9b9000000p+5,0x1.121991ab00000p+6
17.309999999999906,0x1.791bd0a0837bcp+15,-0x1.fa289fa000000p+4,0x1.668f93c000000p+5,-0x1.0e8d260100000p+6
17.33999999999991,0x1.794e73f04027dp+15,0x1.bbdd42a000000p+4,-0x1.53670f8000000p+5,0x1.e5df27e400000p+5
17.369999999999916,0x1.7980943b088c5p+15,-0x1.847d426000000p+4,0x1.2edc2f1000000p+8,-0x1.34094b4900000p+8
17.39999999999992,0x1.79b230d286f8dp+15,0x1.fbd4cf4000000p+4,0x1.7da8349000000p+5,0x1.15fbb04c00000p+8
17.429999999999925,0x1.79e42d4dba5b6p+15,-0x1.f4b02c0000000p+7,0x1.fa25f34000000p+7,-0x1.70fd3e9d00000p+8
17.45999999999993,0x1.7a17b47584a04p+15,-0x1.afdecd2000000p+7,-0x1.773535e000000p+6,0x1.d3a1ee9a00000p+5
17.489999999999934,0x1.7a4da1b4a3c5bp+15,-0x1.53c0644000000p+6,0x1.c8bb638000000p+6,-0x1.55646f4e00000p+7
17.51999999999994,0x1.7a862b034b4f6p+15,-0x1.1811233000000p+6,-0x1.e390a08000000p+4,0x1.21d1bda800000p+8
17.549999999999944,0x1.7ac11bfaf9478p+15,-0x1.07ee59f000000p+5,0x1.2d2b5a6000000p+6,-0x1.6717bc0000000p+6
17.57999999999995,0x1.7afeac37bb1f2p+15,-0x1.44241d6000000p+4,-0x1.5c22986000000p+4,0x1.96bc958e00000p+7
17.609999999999953,0x1.7b3efc26566d9p+15,-0x1.4b24521000000p+4,0x1.a2d3df8000000p+5,-0x1.0f0cfc1400000p+6
17.639999999999958,0x1.7b82367bc4acep+15,-0x1.4c19733000000p+1,-0x1.635645a000000p+4,0x1.f37a5f0400000p+6
17.669999999999963,0x1.7bc87861fd262p+15,-0x1.28da3d0000000p+4,0x1.2ef68ea000000p+5,-0x1.bf3e27e800000p+5
17.699999999999967,0x1.7c11ddef9f438p+15,0x1.8bb76c9000000p+4,-0x1.2172570000000p+6,0x1.a4cc1b1800000p+9
17.729999999999972,0x1.7c5e20c61fc49p+15,-0x1.7329733000000p+5,0x1.694b108000000p+6,-0x1.4ddd055600000p+6
17.759999999999977,0x1.7cad89eb4a65bp+15,0x1.1acc8a1000000p+5,-0x1.3fcda74000000p+6,0x1.4f5baec300000p+8
17.78999999999998,0x1.7d007be821522p+15,-0x1.93cdda4000000p+5,0x1.5386f6b000000p+6,-0x1.c9d4355800000p+6
17.819999999999986,0x1.7d56b26e0d466p+15,0x1.347fe5b000000p+5,-0x1.2912514000000p+6,0x1.7087b54200000p+7
17.84999999999999,0x1.7db03cf314fa2p+15,-0x1.892f02d000000p+5,0x1.27fc9ea000000p+6,-0x1.b897f34200000p+6
17.879999999999995,0x1.7e0d157c92e61p+15,0x1.38cec0f000000p+5,-0x1.10e615c000000p+6,0x1.ff7d22aa00000p+6
17.91,0x1.7e6d475a08d88p+15,-0x1.76916dc000000p+5,0x1.0327f84000000p+6,-0x1.87a153fa00000p+6
17.940000000000005,0x1.7ed0d5ef595f7p+15,0x1.75d8dee000000p+8,-0x1.7f32124000000p+5,0x1.fa777bb600000p+8
17.97000000000001,0x1.7f37a14b30944p+15,0x1.da1457e000000p+6,0x1.c962ac8000000p+6,-0x1.0955b10d00000p+6
18.000000000000014,0x1.7fa1eb4460bb2p+15,0x1.14c52e1000000p+7,-0x1.3e5485f000000p+6,0x1.489a5c3800000p+5
18.03000000000002,0x1.80102043c44b5p+15,0x1.19fa2e8000000p+2,0x1.4c03163000000p+5,-0x1.7f5b501000000p+7
18.060000000000024,0x1.808230904c195p+15,0x1.0fb452c000000p+6,-0x1.3b5c675000000p+6,0x1.629bebab00000p+2
18.09000000000003,0x1.80f7ec7ae8c18p+15,-0x1.c5c9560000000p+4,0x1.44dde1a000000p+5,-0x1.1d7d13c900000p+7
18.120000000000033,0x1.81711a91a85e6p+15,0x1.6851b94000000p+5,-0x1.11bd580000000p+6,0x1.1713f8bd00000p+5
18.150000000000038,0x1.81ed7f2ebb4e6p+15,-0x1.249eb4a000000p+5,0x1.4ea062d000000p+5,-0x1.962d2da400000p+6
18.180000000000042,0x1.826cf1b3b3d61p+15,0x1.1f42561000000p+5,-0x1.d740cbc000000p+5,0x1.9d8940e200000p+5
18.210000000000047,0x1.82ef40df37f50p+15,-0x1.2c57fd0000000p+5,0x1.53c8fdd000000p+5,-0x1.3ba6d8bc00000p+6
18.24000000000005,0x1.83744c760ba0ap+15,0x1.f5f9816000000p+4,-0x1.9f1644a000000p+5,0x1.c97ce3d400000p+5
18.270000000000056,0x1.83fbf8f121148p+15,-0x1.230afea000000p+5,0x1.4cc05ce000000p+5,-0x1.0a199d4d00000p+6
18.30000000000006,0x1.848639d639e35p+15,0x1.c9f2c0e000000p+4,-0x1.755101a000000p+5,0x1.cb8b546200000p+5
18.330000000000066,0x1.8512f7130d9bap+15,-0x1.13ef33f000000p+5,0x1.4173027000000p+5,-0x1.d786c7f600000p+5
18.36000000000007,0x1.85a220d5f6463p+15,0x1.b13defc000000p+1,0x1.bdd6344000000p+3,-0x1.9803d6e600000p+9
18.390000000000075,0x1.86336475657d3p+15,-0x1.bd90b5a000000p+0,-0x1.1b43efb000000p+5,0x1.c9890b2800000p+2
18.42000000000008,0x1.86c74dc552b59p+15,-0x1.14560da000000p+3,0x1.ec1af16000000p+4,-0x1.1371fa9d00000p+8
18.450000000000085,0x1.875e0f2061705p+15,-0x1.84e1f2f000000p+7,-0x1.32793d2000000p+4,-0x1.593edd2f00000p+6
18.48000000000009,0x1.87f7503a84719p+15,0x1.6200bcd000000p+5,-0x1.38fe5f9000000p+5,-0x1.c4ec46ca00000p+6
18.510000000000094,0x1.88931c7ea5c28p+15,-0x1.b007222000000p+6,0x1.2c3616e000000p+5,0x1.3311db0c00000p+6
18.5400000000001,0x1.89311a18bfdc4p+15,0x1.a0b5292000000p+5,-0x1.807f60d000000p+5,-0x1.3dbd4f0000000p+4
18.570000000000103,0x1.89d13ea415b47p+15,-0x1.29e5a54000000p+6,0x1.8c112d2000000p+5,0x1.e5c4664800000p+4
18.600000000000108,0x1.8a737ed4f4d90p+15,0x1.7876a88000000p+5,-0x1.cbb411e000000p+5,0x1.1e2d3b0000000p+5
18.630000000000113,0x1.8b17d91248ef4p+15,-0x1.e7d7990000000p+5,0x1.6a5d5ff000000p+5,-0x1.a9a92d6000000p+2
18.660000000000117,0x1.8bbe4832710c5p+15,0x1.4afee66000000p+5,-0x1.ed739bc000000p+5,0x1.d09ac72600000p+5
18.690000000000122,0x1.8c66b447c0870p+15,-0x1.a95edf8000000p+5,0x1.4cec96c000000p+5,-0x1.cbbabb2600000p+4
18.720000000000127,0x1.8d11055bf5b8ep+15,0x1.853ede7000000p+5,-0x1.fae3804000000p+7,0x1.61e4932500000p+8
18.75000000000013,0x1.8dbcf882e602dp+15,-0x1.409dcd3000000p+6,-0x1.88c811b000000p+7,-0x1.5c08903700000p+7
18.780000000000136,0x1.8e692774eb9cdp+15,0x1.d92fab4000000p+5,-0x1.7a32737000000p+7,0x1.6d400c9f00000p+5
18.81000000000014,0x1.8f12d72981921p+15,-0x1.f84affc000000p+5,-0x1.26b1cf2000000p+6,-0x1.aca258c000000p+5
18.840000000000146,0x1.8fb77e33a2811p+15,0x1.b648ce4000000p+5,-0x1.02150e2000000p+7,0x1.3b9f53ee00000p+4
18.87000000000015,0x1.90556ea82a15fp+15,-0x1.a4a362e000000p+5,-0x1.f4acae4000000p+3,-0x1.28bad36600000p+5
18.900000000000155,0x1.90eb846657aa0p+15,0x1.b913a00000000p+5,-0x1.b8d6524000000p+6,0x1.15e0798000000p+8
18.93000000000016,0x1.9178ffb02fae1p+15,-0x1.bbfe4ae000000p+5,0x1.025d9b9000000p+5,-0x1.0b9dd51700000p+6
18.960000000000164,0x1.91fd60240e046p+15,0x1.84c3318000000p+5,-0x1.76d0fda000000p+6,0x1.17b960fa00000p+7
18.99000000000017,0x1.92787877ed3dcp+15,-0x1.b4922ec000000p+5,0x1.77d0728000000p+5,-0x1.37b92f8400000p+6
19.020000000000174,0x1.92ea34f28dbd7p+15,0x1.6760bea000000p+5,-0x1.43b0371000000p+6,0x1.b6faeed600000p+6
19.05000000000018,0x1.9352a582f7c25p+15,-0x1.9e97ca8000000p+5,0x1.9a27e0c000000p+5,-0x1.30c111a100000p+6
19.080000000000183,0x1.93b1ef90b3c68p+15,0x1.51e853d000000p+5,-0x1.22e39bd000000p+6,0x1.957a3d0c00000p+6
19.110000000000188,0x1.940845b5e58c7p+15,-0x1.87c7357000000p+5,0x1.9e445b2000000p+5,-0x1.1f6aa1e200000p+6
19.140000000000192,0x1.9455e9077673cp+15,0x1.40ccc7c000000p+5,-0x1.0ca6e70000000p+6,0x1.85d2d97200000p+6
19.170000000000197,0x1.949b18bb1b029p+15,-0x1.73f5c3e000000p+7,0x1.50560d0000000p+7,-0x1.85c39e0800000p+7
19.200000000000202,0x1.94d8291a4ec2dp+15,-0x1.52f0944000000p+7,-0x1.23d68f2000000p+7,0x1.482c6da400000p+5
19.230000000000206,0x1.950e39d3810f0p+15,-0x1.276b2dd000000p+7,0x1.75079c9000000p+5,-0x1.9bd0ce0000000p+7
19.26000000000021,0x1.953e21c329a66p+15,-0x1.20335ba000000p+6,-0x1.a9f7184000000p+6,0x1.a39b9fd400000p+7
19.290000000000216,0x1.9567eef7cd54fp+15,-0x1.ac3766a000000p+5,0x1.9e00cd6000000p+5,-0x1.4012444a00000p+6
19.32000000000022,0x1.958be09f2982dp+15,-0x1.273922e000000p+3,-0x1.0126ad2000000p+6,0x1.ac71984800000p+7
19.350000000000225,0x1.95aa2e82e2b0cp+15,-0x1.9c6e62a000000p+4,0x1.8a89d4c000000p+7,-0x1.8967a5a400000p+7
19.38000000000023,0x1.95c34ac450415p+15,0x1.7de546f000000p+3,-0x1.3465dda000000p+5,0x1.1fe3c32900000p+8
19.410000000000235,0x1.95d881d98bf0ep+15,-0x1.0a060d0000000p+5,0x1.e980864000000p+6,-0x1.6c07fc7000000p+7
19.44000000000024,0x1.95eb3dc45eeb2p+15,0x1.7b6da61000000p+4,-0x1.9010ee6000000p+5,0x1.b3e445a800000p+7
19.470000000000244,0x1.95fc69987816dp+15,-0x1.2dc7127000000p+5,0x1.606966b000000p+6,-0x1.19b6d5e000000p+7
19.50000000000025,0x1.960cc91485d9fp+15,0x1.dd953b0000000p+4,-0x1.fbb90d0000000p+5,0x1.3010753a00000p+7
19.530000000000253,0x1.961cdd25a2df4p+15,-0x1.f4b2d86000000p+4,0x1.bb6e2d2000000p+5,0x1.9e083fa000000p+7
19.560000000000258,0x1.962cfbbd43478p+15,0x1.52eb68d000000p+4,-0x1.128e284000000p+5,0x1.81d265ae00000p+6
19.590000000000263,0x1.963d54e704916p+15,-0x1.cf9bef8000000p+4,0x1.2ad58b5000000p+5,0x1.5947727300000p+4
19.620000000000267,0x1.964e32c231375p+15,0x1.430410c000000p+4,-0x1.3fa36c5000000p+5,0x1.a46b356e00000p+5
19.650000000000272,0x1.965fbd496cd54p+15,-0x1.b4c79ce000000p+4,0x1.2f9bbe2000000p+5,-0x1.66c68ccc00000p+3
19.680000000000277,0x1.967217f3ada7fp+15,0x1.4437911000000p+4,-0x1.7cd8f45000000p+5,0x1.31e6760700000p+5
19.71000000000028,0x1.96856a10006c2p+15,-0x1.a57bce0000000p+4,0x1.3e19b5b000000p+5,-0x1.7cc49bb800000p+4
19.740000000000286,0x1.9699bd835beb9p+15,0x1.4699056000000p+4,-0x1.a549be6000000p+5,0x1.33142ad800000p+5
19.77000000000029,0x1.96af214d0d208p+15,-0x1.9877a3a000000p+4,0x1.4cd03cf000000p+5,-0x1.fac9c13c00000p+4
19.800000000000296,0x1.96c5acf7e2e0ep+15,0x1.45da417000000p+4,-0x1.bf8adca000000p+5,0x1.52b3e81f00000p+5
19.8300000000003,0x1.96dd6af926765p+15,-0x1.9e0a498000000p+4,0x1.56561c4000000p+5,-0x1.2af7137e00000p+5
19.860000000000305,0x1.96f6577e9b53bp+15,-0x1.17c6841000000p+7,-0x1.2beae1c000000p+3,-0x1.acaf3e8200000p+5
19.89000000000031,0x1.9710974b2edafp+15,-0x1.f9b31e6000000p+5,-0x1.c776e9e000000p+5,-0x1.a9fab18a00000p+6
19.920000000000314,0x1.972cdcc80af9ep+15,-0x1.5284d25000000p+5,0x1.18e4de5000000p+2,0x1.a667596a00000p+5
19.95000000000032,0x1.974b76223d57ap+15,-0x1.f952224000000p+3,-0x1.1d1a045000000p+4,0x1.762096a400000p+5
19.980000000000324,0x1.976c959c533ffp+15,-0x1.1538f39000000p+4,0x1.142d70c000000p+3,0x1.ce1eb43000000p+4
