t,query_p,query_q,query_r
0.0,0x0.0p+0,0x0.0p+0,0x0.0p+0
0.0,0x1.077e989c2e248p-3,-0x1.579da6725167dp-3,-0x1.93e329db3ff10p-4
0.03,0x1.077e989c2e248p-3,-0x1.579da6725167dp-3,-0x1.93e329db3ff10p-4
0.060000000000000005,0x1.077e989c2e248p-3,-0x1.579da6725167dp-3,-0x1.93e329db3ff10p-4
0.09,0x1.077e989c2e248p-3,-0x1.579da6725167dp-3,-0x1.93e329db3ff10p-4
0.11999999999999998,0x1.077e989c2e248p-3,-0x1.579da6725167dp-3,-0x1.93e329db3ff10p-4
0.15,0x1.077e989c2e248p-3,-0x1.579da6725167dp-3,-0x1.93e329db3ff10p-4
0.18000000000000002,0x1.077e989c2e248p-3,-0x1.579da6725167dp-3,-0x1.93e329db3ff10p-4
0.21000000000000005,0x1.077e989c2e248p-3,-0x1.579da6725167dp-3,-0x1.93e329db3ff10p-4
0.24000000000000007,0x1.077e989c2e248p-3,-0x1.579da6725167dp-3,-0x1.93e329db3ff10p-4
0.2700000000000001,0x1.077e989c2e248p-3,-0x1.579da6725167dp-3,-0x1.93e329db3ff10p-4
0.3000000000000001,0x1.077e989c2e248p-3,-0x1.579da6725167dp-3,-0x1.93e329db3ff10p-4
0.3300000000000001,0x1.077e989c2e248p-3,-0x1.579da6725167dp-3,-0x1.93e329db3ff10p-4
0.36000000000000015,0x1.077e989c2e248p-3,-0x1.579da6725167dp-3,-0x1.93e329db3ff10p-4
0.3900000000000002,0x1.077e989c2e248p-3,-0x1.579da6725167dp-3,-0x1.93e329db3ff10p-4
0.4200000000000002,0x1.077e989c2e248p-3,-0x1.579da6725167dp-3,-0x1.93e329db3ff10p-4
0.45000000000000023,0x1.077e989c2e248p-3,-0x1.579da6725167dp-3,-0x1.93e329db3ff10p-4
0.48000000000000026,0x1.077e989c2e248p-3,-0x1.579da6725167dp-3,-0x1.93e329db3ff10p-4
0.5100000000000002,0x1.077e989c2e248p-3,-0x1.579da6725167dp-3,-0x1.93e329db3ff10p-4
0.5400000000000003,0x1.077e989c2e248p-3,-0x1.579da6725167dp-3,-0x1.93e329db3ff10p-4
0.5700000000000003,0x1.077e989c2e248p-3,0x1.7eeb93c40d5e4p-4,-0x1.93e329db3ff10p-4
0.6000000000000003,0x1.077e989c2e248p-3,0x1.7eeb93c40d5e4p-4,-0x1.93e329db3ff10p-4
0.6300000000000003,0x1.077e989c2e248p-3,0x1.7eeb93c40d5e4p-4,-0x1.93e329db3ff10p-4
0.6600000000000004,0x1.077e989c2e248p-3,0x1.7eeb93c40d5e4p-4,-0x1.93e329db3ff10p-4
0.6900000000000004,0x1.077e989c2e248p-3,0x1.7eeb93c40d5e4p-4,-0x1.93e329db3ff10p-4
0.7200000000000004,0x1.077e989c2e248p-3,0x1.7eeb93c40d5e4p-4,-0x1.93e329db3ff10p-4
0.7500000000000004,0x1.077e989c2e248p-3,0x1.7eeb93c40d5e4p-4,-0x1.12bff557267dap-4
0.7800000000000005,-0x1.14f0085316600p-9,0x1.7eeb93c40d5e4p-4,-0x1.12bff557267dap-4
0.8100000000000005,-0x1.14f0085316600p-9,0x1.7eeb93c40d5e4p-4,-0x1.12bff557267dap-4
0.8400000000000005,-0x1.14f0085316600p-9,0x1.7eeb93c40d5e4p-4,-0x1.12bff557267dap-4
0.8700000000000006,-0x1.14f0085316600p-9,0x1.7eeb93c40d5e4p-4,-0x1.12bff557267dap-4
0.9000000000000006,-0x1.14f0085316600p-9,0x1.7eeb93c40d5e4p-4,-0x1.12bff557267dap-4
0.9300000000000006,-0x1.14f0085316600p-9,0x1.7eeb93c40d5e4p-4,-0x1.12bff557267dap-4
0.9600000000000006,-0x1.14f0085316600p-9,0x1.7eeb93c40d5e4p-4,-0x1.12bff557267dap-4
0.9900000000000007,-0x1.14f0085316600p-9,0x1.7eeb93c40d5e4p-4,-0x1.12bff557267dap-4
1.0200000000000007,-0x1.14f0085316600p-9,0x1.7eeb93c40d5e4p-4,-0x1.12bff557267dap-4
1.0500000000000007,-0x1.14f0085316600p-9,0x1.7eeb93c40d5e4p-4,-0x1.12bff557267dap-4
1.0800000000000007,-0x1.14f0085316600p-9,0x1.7eeb93c40d5e4p-4,-0x1.12bff557267dap-4
1.1100000000000008,-0x1.14f0085316600p-9,0x1.7eeb93c40d5e4p-4,-0x1.12bff557267dap-4
1.1400000000000008,-0x1.14f0085316600p-9,0x1.7eeb93c40d5e4p-4,-0x1.12bff557267dap-4
1.1700000000000008,-0x1.14f0085316600p-9,0x1.7eeb93c40d5e4p-4,-0x1.12bff557267dap-4
1.2000000000000008,-0x1.14f0085316600p-9,0x1.7eeb93c40d5e4p-4,-0x1.12bff557267dap-4
1.2300000000000009,-0x1.14f0085316600p-9,0x1.e352fc51a3970p-6,-0x1.12bff557267dap-4
1.260000000000001,-0x1.14f0085316600p-9,0x1.e352fc51a3970p-6,-0x1.12bff557267dap-4
1.290000000000001,-0x1.14f0085316600p-9,0x1.e352fc51a3970p-6,-0x1.12bff557267dap-4
1.320000000000001,-0x1.14f0085316600p-9,0x1.e352fc51a3970p-6,-0x1.12bff557267dap-4
1.350000000000001,-0x1.14f0085316600p-9,0x1.e352fc51a3970p-6,-0x1.12bff557267dap-4
1.380000000000001,-0x1.14f0085316600p-9,0x1.e352fc51a3970p-6,-0x1.12bff557267dap-4
1.410000000000001,-0x1.14f0085316600p-9,0x1.e352fc51a3970p-6,-0x1.87a90edf964b0p-7
1.440000000000001,-0x1.2a45e26291b85p-3,0x1.e352fc51a3970p-6,-0x1.87a90edf964b0p-7
1.470000000000001,-0x1.2a45e26291b85p-3,0x1.e352fc51a3970p-6,-0x1.87a90edf964b0p-7
1.500000000000001,-0x1.2a45e26291b85p-3,0x1.e352fc51a3970p-6,-0x1.87a90edf964b0p-7
1.5300000000000011,-0x1.2a45e26291b85p-3,0x1.e352fc51a3970p-6,-0x1.87a90edf964b0p-7
1.5600000000000012,-0x1.2a45e26291b85p-3,0x1.e352fc51a3970p-6,-0x1.87a90edf964b0p-7
1.5900000000000012,-0x1.2a45e26291b85p-3,0x1.e352fc51a3970p-6,-0x1.87a90edf964b0p-7
1.6200000000000012,-0x1.2a45e26291b85p-3,0x1.e352fc51a3970p-6,-0x1.87a90edf964b0p-7
1.6500000000000012,-0x1.2a45e26291b85p-3,0x1.e352fc51a3970p-6,-0x1.87a90edf964b0p-7
1.6800000000000013,-0x1.2a45e26291b85p-3,0x1.e352fc51a3970p-6,-0x1.87a90edf964b0p-7
1.7100000000000013,-0x1.2a45e26291b85p-3,0x1.e352fc51a3970p-6,-0x1.87a90edf964b0p-7
1.7400000000000013,-0x1.2a45e26291b85p-3,0x1.e352fc51a3970p-6,-0x1.87a90edf964b0p-7
1.7700000000000014,-0x1.2a45e26291b85p-3,0x1.e352fc51a3970p-6,-0x1.87a90edf964b0p-7
1.8000000000000014,-0x1.2a45e26291b85p-3,0x1.e352fc51a3970p-6,-0x1.87a90edf964b0p-7
1.8300000000000014,-0x1.2a45e26291b85p-3,0x1.e352fc51a3970p-6,-0x1.87a90edf964b0p-7
1.8600000000000014,-0x1.2a45e26291b85p-3,0x1.e352fc51a3970p-6,-0x1.87a90edf964b0p-7
1.8900000000000015,-0x1.2a45e26291b85p-3,0x1.e352fc51a3970p-6,-0x1.87a90edf964b0p-7
1.9200000000000015,-0x1.2a45e26291b85p-3,0x1.e352fc51a3970p-6,-0x1.09ccc1f89c1fep-4
1.9500000000000015,-0x1.2a45e26291b85p-3,0x1.069569fb99716p-3,-0x1.09ccc1f89c1fep-4
1.9800000000000015,-0x1.2a45e26291b85p-3,0x1.069569fb99716p-3,-0x1.09ccc1f89c1fep-4
2.010000000000001,-0x1.2a45e26291b85p-3,0x1.069569fb99716p-3,-0x1.09ccc1f89c1fep-4
2.0400000000000005,-0x1.2a45e26291b85p-3,0x1.069569fb99716p-3,-0x1.09ccc1f89c1fep-4
2.07,-0x1.2a45e26291b85p-3,0x1.069569fb99716p-3,-0x1.09ccc1f89c1fep-4
2.099999999999999,-0x1.2a45e26291b85p-3,0x1.069569fb99716p-3,-0x1.09ccc1f89c1fep-4
2.1299999999999986,-0x1.f45199c813e20p-5,0x1.069569fb99716p-3,-0x1.09ccc1f89c1fep-4
2.159999999999998,-0x1.f45199c813e20p-5,0x1.069569fb99716p-3,-0x1.09ccc1f89c1fep-4
2.1899999999999973,-0x1.f45199c813e20p-5,0x1.069569fb99716p-3,-0x1.09ccc1f89c1fep-4
2.2199999999999966,-0x1.f45199c813e20p-5,0x1.069569fb99716p-3,-0x1.09ccc1f89c1fep-4
2.249999999999996,-0x1.f45199c813e20p-5,0x1.069569fb99716p-3,-0x1.09ccc1f89c1fep-4
2.2799999999999954,-0x1.f45199c813e20p-5,0x1.069569fb99716p-3,-0x1.09ccc1f89c1fep-4
2.3099999999999947,-0x1.f45199c813e20p-5,0x1.069569fb99716p-3,-0x1.09ccc1f89c1fep-4
2.339999999999994,-0x1.f45199c813e20p-5,0x1.069569fb99716p-3,-0x1.09ccc1f89c1fep-4
2.3699999999999934,-0x1.f45199c813e20p-5,0x1.069569fb99716p-3,-0x1.09ccc1f89c1fep-4
2.399999999999993,-0x1.f45199c813e20p-5,0x1.069569fb99716p-3,-0x1.09ccc1f89c1fep-4
2.429999999999992,-0x1.f45199c813e20p-5,0x1.069569fb99716p-3,-0x1.09ccc1f89c1fep-4
2.4599999999999915,-0x1.f45199c813e20p-5,0x1.069569fb99716p-3,-0x1.09ccc1f89c1fep-4
2.489999999999991,-0x1.f45199c813e20p-5,-0x1.409a8434eb880p-9,0x1.20a13c63faac0p-9
2.5199999999999902,-0x1.f45199c813e20p-5,-0x1.409a8434eb880p-9,0x1.20a13c63faac0p-9
2.5499999999999896,-0x1.f45199c813e20p-5,-0x1.409a8434eb880p-9,0x1.20a13c63faac0p-9
2.579999999999989,-0x1.f45199c813e20p-5,-0x1.409a8434eb880p-9,0x1.20a13c63faac0p-9
2.6099999999999883,-0x1.f45199c813e20p-5,-0x1.409a8434eb880p-9,0x1.20a13c63faac0p-9
2.6399999999999877,-0x1.f45199c813e20p-5,-0x1.409a8434eb880p-9,0x1.20a13c63faac0p-9
2.669999999999987,-0x1.f45199c813e20p-5,-0x1.409a8434eb880p-9,0x1.20a13c63faac0p-9
2.6999999999999864,0x1.1ae6f2690a7cep-3,-0x1.409a8434eb880p-9,0x1.20a13c63faac0p-9
2.7299999999999858,0x1.1ae6f2690a7cep-3,-0x1.409a8434eb880p-9,0x1.20a13c63faac0p-9
2.759999999999985,0x1.1ae6f2690a7cep-3,-0x1.409a8434eb880p-9,0x1.20a13c63faac0p-9
2.7899999999999845,0x1.1ae6f2690a7cep-3,-0x1.409a8434eb880p-9,0x1.20a13c63faac0p-9
2.819999999999984,0x1.1ae6f2690a7cep-3,-0x1.409a8434eb880p-9,0x1.20a13c63faac0p-9
2.849999999999983,0x1.1ae6f2690a7cep-3,-0x1.409a8434eb880p-9,0x1.20a13c63faac0p-9
2.8799999999999826,0x1.1ae6f2690a7cep-3,-0x1.409a8434eb880p-9,0x1.20a13c63faac0p-9
2.909999999999982,0x1.1ae6f2690a7cep-3,-0x1.409a8434eb880p-9,0x1.20a13c63faac0p-9
2.9399999999999813,0x1.1ae6f2690a7cep-3,-0x1.409a8434eb880p-9,0x1.20a13c63faac0p-9
2.9699999999999807,0x1.1ae6f2690a7cep-3,-0x1.409a8434eb880p-9,0x1.20a13c63faac0p-9
2.99999999999998,0x1.1ae6f2690a7cep-3,-0x1.409a8434eb880p-9,0x1.20a13c63faac0p-9
3.0299999999999794,0x1.1ae6f2690a7cep-3,-0x1.409a8434eb880p-9,0x1.20a13c63faac0p-9
3.0599999999999787,0x1.1ae6f2690a7cep-3,-0x1.1f0f06373626cp-5,0x1.20a13c63faac0p-9
3.089999999999978,0x1.1ae6f2690a7cep-3,-0x1.1f0f06373626cp-5,0x1.20a13c63faac0p-9
3.1199999999999775,0x1.1ae6f2690a7cep-3,-0x1.1f0f06373626cp-5,0x1.20a13c63faac0p-9
3.149999999999977,0x1.1ae6f2690a7cep-3,-0x1.1f0f06373626cp-5,0x1.20a13c63faac0p-9
3.179999999999976,0x1.1ae6f2690a7cep-3,-0x1.1f0f06373626cp-5,0x1.ee13fd8ca66d8p-5
3.2099999999999755,0x1.1ae6f2690a7cep-3,-0x1.1f0f06373626cp-5,0x1.ee13fd8ca66d8p-5
3.239999999999975,0x1.1ec5a10c655acp-3,-0x1.1f0f06373626cp-5,0x1.ee13fd8ca66d8p-5
3.2699999999999743,0x1.1ec5a10c655acp-3,-0x1.1f0f06373626cp-5,0x1.ee13fd8ca66d8p-5
3.2999999999999736,0x1.1ec5a10c655acp-3,-0x1.1f0f06373626cp-5,0x1.ee13fd8ca66d8p-5
3.329999999999973,0x1.1ec5a10c655acp-3,-0x1.1f0f06373626cp-5,0x1.ee13fd8ca66d8p-5
3.3599999999999723,0x1.1ec5a10c655acp-3,-0x1.1f0f06373626cp-5,0x1.ee13fd8ca66d8p-5
3.3899999999999717,0x1.1ec5a10c655acp-3,-0x1.1f0f06373626cp-5,0x1.ee13fd8ca66d8p-5
3.419999999999971,0x1.1ec5a10c655acp-3,-0x1.1f0f06373626cp-5,0x1.ee13fd8ca66d8p-5
3.4499999999999704,0x1.1ec5a10c655acp-3,-0x1.1f0f06373626cp-5,0x1.ee13fd8ca66d8p-5
3.47999999999997,0x1.1ec5a10c655acp-3,-0x1.1f0f06373626cp-5,0x1.ee13fd8ca66d8p-5
3.509999999999969,0x1.1ec5a10c655acp-3,-0x1.1f0f06373626cp-5,0x1.ee13fd8ca66d8p-5
3.5399999999999685,0x1.1ec5a10c655acp-3,-0x1.1f0f06373626cp-5,0x1.ee13fd8ca66d8p-5
3.569999999999968,0x1.1ec5a10c655acp-3,-0x1.1f0f06373626cp-5,0x1.ee13fd8ca66d8p-5
3.5999999999999672,0x1.1ec5a10c655acp-3,-0x1.1f0f06373626cp-5,0x1.ee13fd8ca66d8p-5
3.6299999999999666,0x1.1ec5a10c655acp-3,-0x1.1f0f06373626cp-5,0x1.ee13fd8ca66d8p-5
3.659999999999966,0x1.1ec5a10c655acp-3,-0x1.1f0f06373626cp-5,0x1.ee13fd8ca66d8p-5
3.6899999999999653,0x1.1ec5a10c655acp-3,-0x1.1f0f06373626cp-5,0x1.ee13fd8ca66d8p-5
3.7199999999999647,0x1.1ec5a10c655acp-3,-0x1.1f0f06373626cp-5,0x1.ee13fd8ca66d8p-5
3.749999999999964,0x1.1ec5a10c655acp-3,-0x1.1f0f06373626cp-5,0x1.ee13fd8ca66d8p-5
3.7799999999999634,0x1.1ec5a10c655acp-3,-0x1.1f0f06373626cp-5,0x1.ee13fd8ca66d8p-5
3.8099999999999627,0x1.1ec5a10c655acp-3,-0x1.1f0f06373626cp-5,0x1.ee13fd8ca66d8p-5
3.839999999999962,0x1.1ec5a10c655acp-3,-0x1.a59d2a86949dcp-5,0x1.ee13fd8ca66d8p-5
3.8699999999999615,0x1.1ec5a10c655acp-3,-0x1.a59d2a86949dcp-5,0x1.35c1f51157e8cp-4
3.899999999999961,-0x1.03f15b5a10484p-3,-0x1.a59d2a86949dcp-5,0x1.35c1f51157e8cp-4
3.92999999999996,-0x1.03f15b5a10484p-3,-0x1.a59d2a86949dcp-5,0x1.35c1f51157e8cp-4
3.9599999999999596,-0x1.03f15b5a10484p-3,-0x1.a59d2a86949dcp-5,0x1.35c1f51157e8cp-4
3.989999999999959,-0x1.03f15b5a10484p-3,-0x1.a59d2a86949dcp-5,0x1.35c1f51157e8cp-4
4.019999999999959,-0x1.03f15b5a10484p-3,-0x1.a59d2a86949dcp-5,0x1.35c1f51157e8cp-4
4.049999999999958,-0x1.03f15b5a10484p-3,-0x1.a59d2a86949dcp-5,0x1.35c1f51157e8cp-4
4.079999999999957,-0x1.03f15b5a10484p-3,-0x1.a59d2a86949dcp-5,0x1.35c1f51157e8cp-4
4.109999999999957,-0x1.03f15b5a10484p-3,-0x1.a59d2a86949dcp-5,0x1.35c1f51157e8cp-4
4.139999999999956,-0x1.03f15b5a10484p-3,-0x1.a59d2a86949dcp-5,0x1.35c1f51157e8cp-4
4.1699999999999555,-0x1.03f15b5a10484p-3,-0x1.a59d2a86949dcp-5,0x1.35c1f51157e8cp-4
4.199999999999955,-0x1.03f15b5a10484p-3,-0x1.a59d2a86949dcp-5,0x1.35c1f51157e8cp-4
4.229999999999954,-0x1.03f15b5a10484p-3,-0x1.a59d2a86949dcp-5,0x1.35c1f51157e8cp-4
4.259999999999954,-0x1.03f15b5a10484p-3,-0x1.a59d2a86949dcp-5,0x1.35c1f51157e8cp-4
4.289999999999953,-0x1.03f15b5a10484p-3,-0x1.a59d2a86949dcp-5,0x1.35c1f51157e8cp-4
4.319999999999952,-0x1.03f15b5a10484p-3,-0x1.a59d2a86949dcp-5,0x1.35c1f51157e8cp-4
4.349999999999952,-0x1.03f15b5a10484p-3,-0x1.a59d2a86949dcp-5,0x1.35c1f51157e8cp-4
4.379999999999951,-0x1.03f15b5a10484p-3,-0x1.a59d2a86949dcp-5,0x1.35c1f51157e8cp-4
4.40999999999995,-0x1.03f15b5a10484p-3,-0x1.a59d2a86949dcp-5,0x1.35c1f51157e8cp-4
4.43999999999995,-0x1.bf7e6b2f40db0p-4,-0x1.a59d2a86949dcp-5,0x1.35c1f51157e8cp-4
4.469999999999949,-0x1.bf7e6b2f40db0p-4,-0x1.a59d2a86949dcp-5,0x1.d8c310532dc18p-5
4.4999999999999485,-0x1.bf7e6b2f40db0p-4,-0x1.a59d2a86949dcp-5,0x1.d8c310532dc18p-5
4.529999999999948,-0x1.bf7e6b2f40db0p-4,0x1.dd5a20859b1e8p-4,0x1.d8c310532dc18p-5
4.559999999999947,-0x1.bf7e6b2f40db0p-4,0x1.dd5a20859b1e8p-4,0x1.d8c310532dc18p-5
4.589999999999947,-0x1.bf7e6b2f40db0p-4,0x1.dd5a20859b1e8p-4,0x1.d8c310532dc18p-5
4.619999999999946,-0x1.bf7e6b2f40db0p-4,0x1.dd5a20859b1e8p-4,0x1.d8c310532dc18p-5
4.649999999999945,-0x1.bf7e6b2f40db0p-4,0x1.dd5a20859b1e8p-4,0x1.d8c310532dc18p-5
4.679999999999945,-0x1.bf7e6b2f40db0p-4,0x1.dd5a20859b1e8p-4,0x1.d8c310532dc18p-5
4.709999999999944,-0x1.bf7e6b2f40db0p-4,0x1.dd5a20859b1e8p-4,0x1.d8c310532dc18p-5
4.739999999999943,-0x1.bf7e6b2f40db0p-4,0x1.dd5a20859b1e8p-4,0x1.d8c310532dc18p-5
4.769999999999943,-0x1.bf7e6b2f40db0p-4,0x1.dd5a20859b1e8p-4,0x1.d8c310532dc18p-5
4.799999999999942,-0x1.bf7e6b2f40db0p-4,0x1.dd5a20859b1e8p-4,0x1.d8c310532dc18p-5
4.8299999999999415,-0x1.bf7e6b2f40db0p-4,0x1.dd5a20859b1e8p-4,0x1.d8c310532dc18p-5
4.859999999999941,-0x1.bf7e6b2f40db0p-4,0x1.dd5a20859b1e8p-4,0x1.d8c310532dc18p-5
4.88999999999994,-0x1.bf7e6b2f40db0p-4,0x1.dd5a20859b1e8p-4,0x1.d8c310532dc18p-5
4.9199999999999395,-0x1.bf7e6b2f40db0p-4,0x1.dd5a20859b1e8p-4,0x1.d8c310532dc18p-5
4.949999999999939,-0x1.bf7e6b2f40db0p-4,0x1.dd5a20859b1e8p-4,0x1.d8c310532dc18p-5
4.979999999999938,-0x1.bf7e6b2f40db0p-4,0x1.dd5a20859b1e8p-4,0x1.d8c310532dc18p-5
5.009999999999938,-0x1.bf7e6b2f40db0p-4,0x1.dd5a20859b1e8p-4,0x1.d8c310532dc18p-5
5.039999999999937,-0x1.bf7e6b2f40db0p-4,0x1.dd5a20859b1e8p-4,0x1.d8c310532dc18p-5
5.069999999999936,-0x1.bf7e6b2f40db0p-4,0x1.dd5a20859b1e8p-4,0x1.d8c310532dc18p-5
5.099999999999936,-0x1.bf7e6b2f40db0p-4,0x1.dd5a20859b1e8p-4,-0x1.58930117903f0p-4
5.129999999999935,-0x1.bf7e6b2f40db0p-4,0x1.dd5a20859b1e8p-4,-0x1.58930117903f0p-4
5.159999999999934,-0x1.bf7e6b2f40db0p-4,0x1.dd5a20859b1e8p-4,-0x1.58930117903f0p-4
5.189999999999934,-0x1.bf7e6b2f40db0p-4,0x1.dd5a20859b1e8p-4,-0x1.58930117903f0p-4
5.219999999999933,0x1.e264e3d453228p-4,0x1.7ea7d736ea8cap-3,-0x1.58930117903f0p-4
5.2499999999999325,0x1.e264e3d453228p-4,0x1.7ea7d736ea8cap-3,-0x1.58930117903f0p-4
5.279999999999932,0x1.e264e3d453228p-4,0x1.7ea7d736ea8cap-3,-0x1.58930117903f0p-4
5.309999999999931,0x1.e264e3d453228p-4,0x1.7ea7d736ea8cap-3,-0x1.58930117903f0p-4
5.339999999999931,0x1.e264e3d453228p-4,0x1.7ea7d736ea8cap-3,-0x1.58930117903f0p-4
5.36999999999993,0x1.e264e3d453228p-4,0x1.7ea7d736ea8cap-3,-0x1.58930117903f0p-4
5.399999999999929,0x1.e264e3d453228p-4,0x1.7ea7d736ea8cap-3,-0x1.58930117903f0p-4
5.429999999999929,0x1.e264e3d453228p-4,0x1.7ea7d736ea8cap-3,-0x1.58930117903f0p-4
5.459999999999928,0x1.e264e3d453228p-4,0x1.7ea7d736ea8cap-3,-0x1.58930117903f0p-4
5.489999999999927,0x1.e264e3d453228p-4,0x1.7ea7d736ea8cap-3,-0x1.58930117903f0p-4
5.519999999999927,0x1.e264e3d453228p-4,0x1.7ea7d736ea8cap-3,-0x1.58930117903f0p-4
5.549999999999926,0x1.e264e3d453228p-4,0x1.7ea7d736ea8cap-3,-0x1.58930117903f0p-4
5.5799999999999255,0x1.e264e3d453228p-4,0x1.7ea7d736ea8cap-3,-0x1.58930117903f0p-4
5.609999999999925,0x1.e264e3d453228p-4,0x1.7ea7d736ea8cap-3,-0x1.58930117903f0p-4
5.639999999999924,0x1.e264e3d453228p-4,0x1.7ea7d736ea8cap-3,-0x1.58930117903f0p-4
5.6699999999999235,0x1.e264e3d453228p-4,0x1.7ea7d736ea8cap-3,-0x1.58930117903f0p-4
5.699999999999923,0x1.e264e3d453228p-4,0x1.7ea7d736ea8cap-3,-0x1.58930117903f0p-4
5.729999999999922,0x1.e264e3d453228p-4,0x1.7ea7d736ea8cap-3,-0x1.58930117903f0p-4
5.759999999999922,0x1.e264e3d453228p-4,0x1.7ea7d736ea8cap-3,-0x1.58930117903f0p-4
5.789999999999921,0x1.e264e3d453228p-4,0x1.7ea7d736ea8cap-3,0x1.5bb95c5a5cb20p-4
5.81999999999992,-0x1.3b5f2c63f79dap-4,0x1.7ea7d736ea8cap-3,0x1.5bb95c5a5cb20p-4
5.84999999999992,-0x1.3b5f2c63f79dap-4,0x1.7ea7d736ea8cap-3,0x1.5bb95c5a5cb20p-4
5.879999999999919,-0x1.3b5f2c63f79dap-4,0x1.7ea7d736ea8cap-3,0x1.5bb95c5a5cb20p-4
5.909999999999918,-0x1.3b5f2c63f79dap-4,-0x1.0bbb3fc415714p-4,0x1.5bb95c5a5cb20p-4
5.939999999999918,-0x1.3b5f2c63f79dap-4,-0x1.0bbb3fc415714p-4,0x1.5bb95c5a5cb20p-4
5.969999999999917,-0x1.3b5f2c63f79dap-4,-0x1.0bbb3fc415714p-4,0x1.5bb95c5a5cb20p-4
5.9999999999999165,-0x1.3b5f2c63f79dap-4,-0x1.0bbb3fc415714p-4,0x1.5bb95c5a5cb20p-4
6.029999999999916,-0x1.3b5f2c63f79dap-4,-0x1.0bbb3fc415714p-4,0x1.5bb95c5a5cb20p-4
6.059999999999915,-0x1.3b5f2c63f79dap-4,-0x1.0bbb3fc415714p-4,0x1.5bb95c5a5cb20p-4
6.089999999999915,-0x1.3b5f2c63f79dap-4,-0x1.0bbb3fc415714p-4,0x1.5bb95c5a5cb20p-4
6.119999999999914,-0x1.3b5f2c63f79dap-4,-0x1.0bbb3fc415714p-4,0x1.5bb95c5a5cb20p-4
6.149999999999913,-0x1.3b5f2c63f79dap-4,-0x1.0bbb3fc415714p-4,0x1.5bb95c5a5cb20p-4
6.179999999999913,-0x1.3b5f2c63f79dap-4,-0x1.0bbb3fc415714p-4,0x1.5bb95c5a5cb20p-4
6.209999999999912,-0x1.3b5f2c63f79dap-4,-0x1.0bbb3fc415714p-4,0x1.5bb95c5a5cb20p-4
6.239999999999911,-0x1.3b5f2c63f79dap-4,-0x1.0bbb3fc415714p-4,0x1.5bb95c5a5cb20p-4
6.269999999999911,-0x1.3b5f2c63f79dap-4,-0x1.0bbb3fc415714p-4,0x1.5bb95c5a5cb20p-4
6.29999999999991,-0x1.3b5f2c63f79dap-4,-0x1.0bbb3fc415714p-4,0x1.5bb95c5a5cb20p-4
6.3299999999999095,-0x1.3b5f2c63f79dap-4,-0x1.0bbb3fc415714p-4,0x1.5bb95c5a5cb20p-4
6.359999999999909,-0x1.3b5f2c63f79dap-4,-0x1.0bbb3fc415714p-4,0x1.5bb95c5a5cb20p-4
6.389999999999908,-0x1.3b5f2c63f79dap-4,-0x1.0bbb3fc415714p-4,0x1.5bb95c5a5cb20p-4
6.419999999999908,-0x1.3b5f2c63f79dap-4,-0x1.0bbb3fc415714p-4,0x1.5bb95c5a5cb20p-4
6.449999999999907,-0x1.3b5f2c63f79dap-4,-0x1.0bbb3fc415714p-4,0x1.5bb95c5a5cb20p-4
6.479999999999906,-0x1.5fc2502af4e0dp-4,-0x1.0bbb3fc415714p-4,-0x1.34564d327b674p-5
6.509999999999906,-0x1.5fc2502af4e0dp-4,-0x1.0bbb3fc415714p-4,-0x1.34564d327b674p-5
6.539999999999905,-0x1.5fc2502af4e0dp-4,-0x1.0bbb3fc415714p-4,-0x1.34564d327b674p-5
6.569999999999904,-0x1.5fc2502af4e0dp-4,0x1.b26458aa97040p-6,-0x1.34564d327b674p-5
6.599999999999904,-0x1.5fc2502af4e0dp-4,0x1.b26458aa97040p-6,-0x1.34564d327b674p-5
6.629999999999903,-0x1.5fc2502af4e0dp-4,0x1.b26458aa97040p-6,-0x1.34564d327b674p-5
6.659999999999902,-0x1.5fc2502af4e0dp-4,0x1.b26458aa97040p-6,-0x1.34564d327b674p-5
6.689999999999902,-0x1.5fc2502af4e0dp-4,0x1.b26458aa97040p-6,-0x1.34564d327b674p-5
6.719999999999901,-0x1.5fc2502af4e0dp-4,0x1.b26458aa97040p-6,-0x1.34564d327b674p-5
6.7499999999999005,-0x1.5fc2502af4e0dp-4,0x1.b26458aa97040p-6,-0x1.34564d327b674p-5
6.7799999999999,-0x1.5fc2502af4e0dp-4,0x1.b26458aa97040p-6,-0x1.34564d327b674p-5
6.809999999999899,-0x1.5fc2502af4e0dp-4,0x1.b26458aa97040p-6,-0x1.34564d327b674p-5
6.839999999999899,-0x1.5fc2502af4e0dp-4,0x1.b26458aa97040p-6,-0x1.34564d327b674p-5
6.869999999999898,-0x1.5fc2502af4e0dp-4,0x1.b26458aa97040p-6,-0x1.34564d327b674p-5
6.899999999999897,-0x1.5fc2502af4e0dp-4,0x1.b26458aa97040p-6,-0x1.34564d327b674p-5
6.929999999999897,-0x1.5fc2502af4e0dp-4,0x1.b26458aa97040p-6,-0x1.34564d327b674p-5
6.959999999999896,-0x1.5fc2502af4e0dp-4,0x1.b26458aa97040p-6,-0x1.34564d327b674p-5
6.989999999999895,-0x1.5fc2502af4e0dp-4,0x1.b26458aa97040p-6,-0x1.34564d327b674p-5
7.019999999999895,-0x1.5fc2502af4e0dp-4,0x1.b26458aa97040p-6,-0x1.34564d327b674p-5
7.049999999999894,-0x1.d24ff508a23dcp-5,0x1.b26458aa97040p-6,-0x1.34564d327b674p-5
7.0799999999998935,-0x1.d24ff508a23dcp-5,0x1.b26458aa97040p-6,-0x1.34564d327b674p-5
7.109999999999893,-0x1.d24ff508a23dcp-5,0x1.b26458aa97040p-6,0x1.c94ec4d40f9d8p-5
7.139999999999892,-0x1.d24ff508a23dcp-5,0x1.b26458aa97040p-6,0x1.c94ec4d40f9d8p-5
7.169999999999892,-0x1.d24ff508a23dcp-5,0x1.93a84acdcd838p-4,0x1.c94ec4d40f9d8p-5
7.199999999999891,-0x1.d24ff508a23dcp-5,0x1.93a84acdcd838p-4,0x1.c94ec4d40f9d8p-5
7.22999999999989,-0x1.d24ff508a23dcp-5,0x1.93a84acdcd838p-4,0x1.c94ec4d40f9d8p-5
7.25999999999989,-0x1.d24ff508a23dcp-5,0x1.93a84acdcd838p-4,0x1.c94ec4d40f9d8p-5
7.289999999999889,-0x1.d24ff508a23dcp-5,0x1.93a84acdcd838p-4,0x1.c94ec4d40f9d8p-5
7.319999999999888,-0x1.d24ff508a23dcp-5,0x1.93a84acdcd838p-4,0x1.c94ec4d40f9d8p-5
7.349999999999888,-0x1.d24ff508a23dcp-5,0x1.93a84acdcd838p-4,0x1.c94ec4d40f9d8p-5
7.379999999999887,-0x1.d24ff508a23dcp-5,0x1.93a84acdcd838p-4,0x1.c94ec4d40f9d8p-5
7.4099999999998865,-0x1.d24ff508a23dcp-5,0x1.93a84acdcd838p-4,0x1.c94ec4d40f9d8p-5
7.439999999999886,-0x1.d24ff508a23dcp-5,0x1.93a84acdcd838p-4,0x1.c94ec4d40f9d8p-5
7.469999999999885,-0x1.d24ff508a23dcp-5,0x1.93a84acdcd838p-4,0x1.c94ec4d40f9d8p-5
7.4999999999998845,-0x1.d24ff508a23dcp-5,0x1.93a84acdcd838p-4,0x1.c94ec4d40f9d8p-5
7.529999999999884,-0x1.d24ff508a23dcp-5,0x1.93a84acdcd838p-4,0x1.c94ec4d40f9d8p-5
7.559999999999883,-0x1.d24ff508a23dcp-5,0x1.93a84acdcd838p-4,0x1.c94ec4d40f9d8p-5
7.589999999999883,-0x1.d24ff508a23dcp-5,0x1.93a84acdcd838p-4,0x1.c94ec4d40f9d8p-5
7.619999999999882,-0x1.d24ff508a23dcp-5,0x1.93a84acdcd838p-4,0x1.c94ec4d40f9d8p-5
7.649999999999881,-0x1.d24ff508a23dcp-5,0x1.93a84acdcd838p-4,0x1.c94ec4d40f9d8p-5
7.679999999999881,-0x1.d24ff508a23dcp-5,0x1.93a84acdcd838p-4,0x1.c94ec4d40f9d8p-5
7.70999999999988,0x1.4df41062fa9dep-3,0x1.93a84acdcd838p-4,0x1.c94ec4d40f9d8p-5
7.739999999999879,0x1.4df41062fa9dep-3,0x1.93a84acdcd838p-4,0x1.c94ec4d40f9d8p-5
7.769999999999879,0x1.4df41062fa9dep-3,0x1.93a84acdcd838p-4,0x1.c94ec4d40f9d8p-5
7.799999999999878,0x1.4df41062fa9dep-3,-0x1.70ac0731584eap-3,-0x1.c884c3860933cp-5
7.8299999999998775,0x1.4df41062fa9dep-3,-0x1.70ac0731584eap-3,-0x1.c884c3860933cp-5
7.859999999999877,0x1.4df41062fa9dep-3,-0x1.70ac0731584eap-3,-0x1.c884c3860933cp-5
7.889999999999876,0x1.4df41062fa9dep-3,-0x1.70ac0731584eap-3,-0x1.c884c3860933cp-5
7.919999999999876,0x1.4df41062fa9dep-3,-0x1.70ac0731584eap-3,-0x1.c884c3860933cp-5
7.949999999999875,0x1.4df41062fa9dep-3,-0x1.70ac0731584eap-3,-0x1.c884c3860933cp-5
7.979999999999874,0x1.4df41062fa9dep-3,-0x1.70ac0731584eap-3,-0x1.c884c3860933cp-5
8.009999999999874,0x1.4df41062fa9dep-3,-0x1.70ac0731584eap-3,-0x1.c884c3860933cp-5
8.039999999999873,0x1.4df41062fa9dep-3,-0x1.70ac0731584eap-3,-0x1.c884c3860933cp-5
8.069999999999872,0x1.4df41062fa9dep-3,-0x1.70ac0731584eap-3,-0x1.c884c3860933cp-5
8.099999999999872,0x1.4df41062fa9dep-3,-0x1.70ac0731584eap-3,-0x1.c884c3860933cp-5
8.129999999999871,0x1.4df41062fa9dep-3,-0x1.70ac0731584eap-3,-0x1.c884c3860933cp-5
8.15999999999987,0x1.4df41062fa9dep-3,-0x1.70ac0731584eap-3,-0x1.c884c3860933cp-5
8.18999999999987,0x1.4df41062fa9dep-3,-0x1.70ac0731584eap-3,-0x1.c884c3860933cp-5
8.21999999999987,0x1.4df41062fa9dep-3,-0x1.70ac0731584eap-3,-0x1.c884c3860933cp-5
8.249999999999869,-0x1.4a1164dc1cc90p-4,-0x1.70ac0731584eap-3,-0x1.c884c3860933cp-5
8.279999999999868,-0x1.4a1164dc1cc90p-4,-0x1.70ac0731584eap-3,-0x1.c884c3860933cp-5
8.309999999999867,-0x1.4a1164dc1cc90p-4,-0x1.70ac0731584eap-3,-0x1.9825037862c2dp-4
8.339999999999867,-0x1.4a1164dc1cc90p-4,-0x1.70ac0731584eap-3,-0x1.9825037862c2dp-4
8.369999999999866,-0x1.4a1164dc1cc90p-4,-0x1.70ac0731584eap-3,-0x1.9825037862c2dp-4
8.399999999999865,-0x1.4a1164dc1cc90p-4,-0x1.70ac0731584eap-3,-0x1.9825037862c2dp-4
8.429999999999865,-0x1.4a1164dc1cc90p-4,-0x1.e168de0d63ac0p-5,-0x1.9825037862c2dp-4
8.459999999999864,-0x1.4a1164dc1cc90p-4,-0x1.e168de0d63ac0p-5,-0x1.9825037862c2dp-4
8.489999999999863,-0x1.4a1164dc1cc90p-4,-0x1.e168de0d63ac0p-5,-0x1.9825037862c2dp-4
8.519999999999863,-0x1.4a1164dc1cc90p-4,-0x1.e168de0d63ac0p-5,-0x1.9825037862c2dp-4
8.549999999999862,-0x1.4a1164dc1cc90p-4,-0x1.e168de0d63ac0p-5,-0x1.9825037862c2dp-4
8.579999999999862,-0x1.4a1164dc1cc90p-4,-0x1.e168de0d63ac0p-5,-0x1.9825037862c2dp-4
8.60999999999986,-0x1.4a1164dc1cc90p-4,-0x1.e168de0d63ac0p-5,-0x1.9825037862c2dp-4
8.63999999999986,-0x1.4a1164dc1cc90p-4,-0x1.e168de0d63ac0p-5,-0x1.9825037862c2dp-4
8.66999999999986,-0x1.4a1164dc1cc90p-4,-0x1.e168de0d63ac0p-5,-0x1.9825037862c2dp-4
8.699999999999859,-0x1.4a1164dc1cc90p-4,-0x1.e168de0d63ac0p-5,-0x1.9825037862c2dp-4
8.729999999999858,-0x1.4a1164dc1cc90p-4,-0x1.e168de0d63ac0p-5,-0x1.9825037862c2dp-4
8.759999999999858,-0x1.4a1164dc1cc90p-4,-0x1.e168de0d63ac0p-5,-0x1.9825037862c2dp-4
8.789999999999857,-0x1.4a1164dc1cc90p-4,-0x1.e168de0d63ac0p-5,-0x1.9825037862c2dp-4
8.819999999999856,-0x1.4a1164dc1cc90p-4,-0x1.e168de0d63ac0p-5,-0x1.9825037862c2dp-4
8.849999999999856,-0x1.4a1164dc1cc90p-4,-0x1.e168de0d63ac0p-5,-0x1.9825037862c2dp-4
8.879999999999855,-0x1.4a1164dc1cc90p-4,-0x1.e168de0d63ac0p-5,-0x1.9825037862c2dp-4
8.909999999999854,-0x1.aab75a69bc440p-6,-0x1.e168de0d63ac0p-5,0x1.6fba9d5c7ef6cp-4
8.939999999999854,-0x1.aab75a69bc440p-6,-0x1.e168de0d63ac0p-5,0x1.6fba9d5c7ef6cp-4
8.969999999999853,-0x1.aab75a69bc440p-6,-0x1.76a2784e42c40p-3,0x1.6fba9d5c7ef6cp-4
8.999999999999853,-0x1.aab75a69bc440p-6,-0x1.76a2784e42c40p-3,0x1.6fba9d5c7ef6cp-4
9.029999999999852,-0x1.aab75a69bc440p-6,-0x1.76a2784e42c40p-3,0x1.6fba9d5c7ef6cp-4
9.059999999999851,-0x1.aab75a69bc440p-6,-0x1.76a2784e42c40p-3,0x1.6fba9d5c7ef6cp-4
9.08999999999985,-0x1.aab75a69bc440p-6,-0x1.76a2784e42c40p-3,0x1.6fba9d5c7ef6cp-4
9.11999999999985,-0x1.aab75a69bc440p-6,-0x1.76a2784e42c40p-3,0x1.6fba9d5c7ef6cp-4
9.14999999999985,-0x1.aab75a69bc440p-6,-0x1.76a2784e42c40p-3,0x1.6fba9d5c7ef6cp-4
9.179999999999849,-0x1.aab75a69bc440p-6,-0x1.76a2784e42c40p-3,0x1.6fba9d5c7ef6cp-4
9.209999999999848,-0x1.aab75a69bc440p-6,-0x1.76a2784e42c40p-3,0x1.6fba9d5c7ef6cp-4
9.239999999999847,-0x1.aab75a69bc440p-6,-0x1.76a2784e42c40p-3,0x1.6fba9d5c7ef6cp-4
9.269999999999847,-0x1.aab75a69bc440p-6,-0x1.76a2784e42c40p-3,0x1.6fba9d5c7ef6cp-4
9.299999999999846,-0x1.aab75a69bc440p-6,-0x1.76a2784e42c40p-3,0x1.6fba9d5c7ef6cp-4
9.329999999999846,-0x1.aab75a69bc440p-6,-0x1.76a2784e42c40p-3,0x1.6fba9d5c7ef6cp-4
9.359999999999845,-0x1.aab75a69bc440p-6,-0x1.76a2784e42c40p-3,0x1.6fba9d5c7ef6cp-4
9.389999999999844,-0x1.aab75a69bc440p-6,-0x1.76a2784e42c40p-3,0x1.6fba9d5c7ef6cp-4
9.419999999999844,-0x1.aab75a69bc440p-6,-0x1.76a2784e42c40p-3,0x1.6fba9d5c7ef6cp-4
9.449999999999843,-0x1.aab75a69bc440p-6,-0x1.76a2784e42c40p-3,0x1.6fba9d5c7ef6cp-4
9.479999999999842,-0x1.aab75a69bc440p-6,-0x1.76a2784e42c40p-3,0x1.6fba9d5c7ef6cp-4
9.509999999999842,-0x1.aab75a69bc440p-6,-0x1.76a2784e42c40p-3,0x1.6fba9d5c7ef6cp-4
9.539999999999841,-0x1.aab75a69bc440p-6,-0x1.76a2784e42c40p-3,0x1.0363ddc7d7d20p-5
9.56999999999984,-0x1.aab75a69bc440p-6,-0x1.76a2784e42c40p-3,0x1.0363ddc7d7d20p-5
9.59999999999984,-0x1.aab75a69bc440p-6,-0x1.a404f2e1355d0p-7,0x1.0363ddc7d7d20p-5
9.62999999999984,-0x1.3c55adcf8c690p-6,-0x1.a404f2e1355d0p-7,0x1.0363ddc7d7d20p-5
9.659999999999838,-0x1.3c55adcf8c690p-6,-0x1.a404f2e1355d0p-7,0x1.0363ddc7d7d20p-5
9.689999999999838,-0x1.3c55adcf8c690p-6,-0x1.a404f2e1355d0p-7,0x1.0363ddc7d7d20p-5
9.719999999999837,-0x1.3c55adcf8c690p-6,-0x1.a404f2e1355d0p-7,0x1.0363ddc7d7d20p-5
9.749999999999837,-0x1.3c55adcf8c690p-6,-0x1.a404f2e1355d0p-7,0x1.0363ddc7d7d20p-5
9.779999999999836,-0x1.3c55adcf8c690p-6,-0x1.a404f2e1355d0p-7,0x1.0363ddc7d7d20p-5
9.809999999999835,-0x1.3c55adcf8c690p-6,-0x1.a404f2e1355d0p-7,0x1.0363ddc7d7d20p-5
9.839999999999835,-0x1.3c55adcf8c690p-6,-0x1.a404f2e1355d0p-7,0x1.0363ddc7d7d20p-5
9.869999999999834,-0x1.3c55adcf8c690p-6,-0x1.a404f2e1355d0p-7,0x1.0363ddc7d7d20p-5
9.899999999999833,-0x1.3c55adcf8c690p-6,-0x1.a404f2e1355d0p-7,0x1.0363ddc7d7d20p-5
9.929999999999833,-0x1.3c55adcf8c690p-6,-0x1.a404f2e1355d0p-7,0x1.0363ddc7d7d20p-5
9.959999999999832,-0x1.3c55adcf8c690p-6,-0x1.a404f2e1355d0p-7,0x1.0363ddc7d7d20p-5
9.989999999999831,-0x1.3c55adcf8c690p-6,-0x1.a404f2e1355d0p-7,0x1.0363ddc7d7d20p-5
10.01999999999983,-0x1.3c55adcf8c690p-6,-0x1.a404f2e1355d0p-7,0x1.0363ddc7d7d20p-5
10.04999999999983,-0x1.3c55adcf8c690p-6,-0x1.a404f2e1355d0p-7,0x1.0363ddc7d7d20p-5
10.07999999999983,-0x1.3c55adcf8c690p-6,-0x1.a404f2e1355d0p-7,0x1.0363ddc7d7d20p-5
10.109999999999829,-0x1.3c55adcf8c690p-6,-0x1.a404f2e1355d0p-7,0x1.03eb95f9f71a4p-3
10.139999999999828,-0x1.3c55adcf8c690p-6,-0x1.a404f2e1355d0p-7,0x1.03eb95f9f71a4p-3
10.169999999999828,-0x1.3c55adcf8c690p-6,-0x1.a404f2e1355d0p-7,0x1.03eb95f9f71a4p-3
10.199999999999827,0x1.c497d70cb07d8p-4,-0x1.a404f2e1355d0p-7,0x1.03eb95f9f71a4p-3
10.229999999999826,0x1.c497d70cb07d8p-4,-0x1.a404f2e1355d0p-7,0x1.03eb95f9f71a4p-3
10.259999999999826,0x1.c497d70cb07d8p-4,-0x1.a404f2e1355d0p-7,0x1.03eb95f9f71a4p-3
10.289999999999825,0x1.c497d70cb07d8p-4,-0x1.a404f2e1355d0p-7,0x1.03eb95f9f71a4p-3
10.319999999999824,0x1.c497d70cb07d8p-4,-0x1.a404f2e1355d0p-7,0x1.03eb95f9f71a4p-3
10.349999999999824,0x1.c497d70cb07d8p-4,0x1.86cc4cf56a860p-7,0x1.03eb95f9f71a4p-3
10.379999999999823,0x1.c497d70cb07d8p-4,0x1.86cc4cf56a860p-7,0x1.03eb95f9f71a4p-3
10.409999999999823,0x1.c497d70cb07d8p-4,0x1.86cc4cf56a860p-7,0x1.03eb95f9f71a4p-3
10.439999999999822,0x1.c497d70cb07d8p-4,0x1.86cc4cf56a860p-7,0x1.03eb95f9f71a4p-3
10.469999999999821,0x1.c497d70cb07d8p-4,0x1.86cc4cf56a860p-7,0x1.03eb95f9f71a4p-3
10.49999999999982,0x1.c497d70cb07d8p-4,0x1.86cc4cf56a860p-7,0x1.03eb95f9f71a4p-3
10.52999999999982,0x1.c497d70cb07d8p-4,0x1.86cc4cf56a860p-7,0x1.03eb95f9f71a4p-3
10.55999999999982,0x1.c497d70cb07d8p-4,0x1.86cc4cf56a860p-7,0x1.03eb95f9f71a4p-3
10.589999999999819,0x1.c497d70cb07d8p-4,0x1.86cc4cf56a860p-7,0x1.03eb95f9f71a4p-3
10.619999999999818,0x1.c497d70cb07d8p-4,0x1.86cc4cf56a860p-7,0x1.03eb95f9f71a4p-3
10.649999999999817,0x1.c497d70cb07d8p-4,0x1.86cc4cf56a860p-7,0x1.03eb95f9f71a4p-3
10.679999999999817,0x1.c497d70cb07d8p-4,0x1.86cc4cf56a860p-7,0x1.03eb95f9f71a4p-3
10.709999999999816,0x1.c497d70cb07d8p-4,0x1.86cc4cf56a860p-7,0x1.03eb95f9f71a4p-3
10.739999999999815,0x1.c497d70cb07d8p-4,0x1.86cc4cf56a860p-7,0x1.03eb95f9f71a4p-3
10.769999999999815,0x1.c497d70cb07d8p-4,0x1.86cc4cf56a860p-7,0x1.03eb95f9f71a4p-3
10.799999999999814,0x1.b560fd0286048p-4,0x1.86cc4cf56a860p-7,0x1.03eb95f9f71a4p-3
10.829999999999814,0x1.b560fd0286048p-4,0x1.86cc4cf56a860p-7,0x1.03eb95f9f71a4p-3
10.859999999999813,0x1.b560fd0286048p-4,0x1.86cc4cf56a860p-7,-0x1.622bd2cfd7be4p-3
10.889999999999812,0x1.b560fd0286048p-4,0x1.86cc4cf56a860p-7,-0x1.622bd2cfd7be4p-3
10.919999999999812,0x1.b560fd0286048p-4,0x1.86cc4cf56a860p-7,-0x1.622bd2cfd7be4p-3
10.949999999999811,0x1.b560fd0286048p-4,0x1.1c9b5b9a95172p-3,-0x1.622bd2cfd7be4p-3
10.97999999999981,0x1.b560fd0286048p-4,0x1.1c9b5b9a95172p-3,-0x1.622bd2cfd7be4p-3
11.00999999999981,0x1.b560fd0286048p-4,0x1.1c9b5b9a95172p-3,-0x1.622bd2cfd7be4p-3
11.039999999999809,0x1.b560fd0286048p-4,0x1.1c9b5b9a95172p-3,-0x1.622bd2cfd7be4p-3
11.069999999999808,0x1.b560fd0286048p-4,0x1.1c9b5b9a95172p-3,-0x1.622bd2cfd7be4p-3
11.099999999999808,0x1.b560fd0286048p-4,0x1.1c9b5b9a95172p-3,-0x1.622bd2cfd7be4p-3
11.129999999999807,0x1.b560fd0286048p-4,0x1.1c9b5b9a95172p-3,-0x1.622bd2cfd7be4p-3
11.159999999999807,0x1.b560fd0286048p-4,0x1.1c9b5b9a95172p-3,-0x1.622bd2cfd7be4p-3
11.189999999999806,0x1.b560fd0286048p-4,0x1.1c9b5b9a95172p-3,-0x1.622bd2cfd7be4p-3
11.219999999999805,0x1.b560fd0286048p-4,0x1.1c9b5b9a95172p-3,-0x1.622bd2cfd7be4p-3
11.249999999999805,0x1.b560fd0286048p-4,0x1.1c9b5b9a95172p-3,-0x1.622bd2cfd7be4p-3
11.279999999999804,0x1.b560fd0286048p-4,0x1.1c9b5b9a95172p-3,-0x1.622bd2cfd7be4p-3
11.309999999999803,0x1.b560fd0286048p-4,0x1.1c9b5b9a95172p-3,-0x1.622bd2cfd7be4p-3
11.339999999999803,0x1.b560fd0286048p-4,0x1.1c9b5b9a95172p-3,-0x1.622bd2cfd7be4p-3
11.369999999999802,-0x1.0e140b246cf96p-3,0x1.1c9b5b9a95172p-3,-0x1.622bd2cfd7be4p-3
11.399999999999801,-0x1.0e140b246cf96p-3,0x1.1c9b5b9a95172p-3,-0x1.622bd2cfd7be4p-3
11.4299999999998,-0x1.0e140b246cf96p-3,0x1.1c9b5b9a95172p-3,0x1.8ebc4ef2461d8p-4
11.4599999999998,-0x1.0e140b246cf96p-3,0x1.2b1c387429ec4p-4,0x1.8ebc4ef2461d8p-4
11.4899999999998,-0x1.0e140b246cf96p-3,0x1.2b1c387429ec4p-4,0x1.8ebc4ef2461d8p-4
11.519999999999799,-0x1.0e140b246cf96p-3,0x1.2b1c387429ec4p-4,0x1.8ebc4ef2461d8p-4
11.549999999999798,-0x1.0e140b246cf96p-3,0x1.2b1c387429ec4p-4,0x1.8ebc4ef2461d8p-4
11.579999999999798,-0x1.0e140b246cf96p-3,0x1.2b1c387429ec4p-4,0x1.8ebc4ef2461d8p-4
11.609999999999797,-0x1.0e140b246cf96p-3,0x1.2b1c387429ec4p-4,0x1.8ebc4ef2461d8p-4
11.639999999999796,-0x1.0e140b246cf96p-3,0x1.2b1c387429ec4p-4,0x1.8ebc4ef2461d8p-4
11.669999999999796,-0x1.0e140b246cf96p-3,0x1.2b1c387429ec4p-4,0x1.8ebc4ef2461d8p-4
11.699999999999795,-0x1.0e140b246cf96p-3,0x1.2b1c387429ec4p-4,0x1.8ebc4ef2461d8p-4
11.729999999999794,-0x1.0e140b246cf96p-3,0x1.2b1c387429ec4p-4,0x1.8ebc4ef2461d8p-4
11.759999999999794,-0x1.0e140b246cf96p-3,0x1.2b1c387429ec4p-4,0x1.8ebc4ef2461d8p-4
11.789999999999793,-0x1.0e140b246cf96p-3,0x1.2b1c387429ec4p-4,0x1.8ebc4ef2461d8p-4
11.819999999999792,-0x1.0e140b246cf96p-3,0x1.2b1c387429ec4p-4,0x1.8ebc4ef2461d8p-4
11.849999999999792,-0x1.0e140b246cf96p-3,0x1.2b1c387429ec4p-4,0x1.8ebc4ef2461d8p-4
11.879999999999791,-0x1.0e140b246cf96p-3,0x1.2b1c387429ec4p-4,0x1.8ebc4ef2461d8p-4
11.90999999999979,-0x1.0e140b246cf96p-3,0x1.2b1c387429ec4p-4,0x1.8ebc4ef2461d8p-4
11.93999999999979,-0x1.0e140b246cf96p-3,0x1.2b1c387429ec4p-4,0x1.8ebc4ef2461d8p-4
11.96999999999979,-0x1.0e140b246cf96p-3,0x1.2b1c387429ec4p-4,0x1.8ebc4ef2461d8p-4
11.999999999999789,-0x1.0e140b246cf96p-3,0x1.2b1c387429ec4p-4,0x1.bcd2b351ea1d8p-6
12.029999999999788,-0x1.0e140b246cf96p-3,0x1.2b1c387429ec4p-4,0x1.bcd2b351ea1d8p-6
12.059999999999787,-0x1.0e140b246cf96p-3,0x1.2b1c387429ec4p-4,0x1.bcd2b351ea1d8p-6
12.089999999999787,-0x1.0e140b246cf96p-3,0x1.2b1c387429ec4p-4,0x1.bcd2b351ea1d8p-6
12.119999999999786,-0x1.809b8bcd1b9bdp-4,0x1.2b1c387429ec4p-4,0x1.bcd2b351ea1d8p-6
12.149999999999785,-0x1.809b8bcd1b9bdp-4,0x1.2b1c387429ec4p-4,0x1.bcd2b351ea1d8p-6
12.179999999999785,-0x1.809b8bcd1b9bdp-4,0x1.2b1c387429ec4p-4,0x1.bcd2b351ea1d8p-6
12.209999999999784,-0x1.809b8bcd1b9bdp-4,0x1.51eaeae06cbfcp-4,0x1.bcd2b351ea1d8p-6
12.239999999999783,-0x1.809b8bcd1b9bdp-4,0x1.51eaeae06cbfcp-4,0x1.bcd2b351ea1d8p-6
12.269999999999783,-0x1.809b8bcd1b9bdp-4,0x1.51eaeae06cbfcp-4,0x1.bcd2b351ea1d8p-6
12.299999999999782,-0x1.809b8bcd1b9bdp-4,0x1.51eaeae06cbfcp-4,0x1.bcd2b351ea1d8p-6
12.329999999999782,-0x1.809b8bcd1b9bdp-4,0x1.51eaeae06cbfcp-4,0x1.bcd2b351ea1d8p-6
12.359999999999781,-0x1.809b8bcd1b9bdp-4,0x1.51eaeae06cbfcp-4,0x1.bcd2b351ea1d8p-6
12.38999999999978,-0x1.809b8bcd1b9bdp-4,0x1.51eaeae06cbfcp-4,0x1.bcd2b351ea1d8p-6
12.41999999999978,-0x1.809b8bcd1b9bdp-4,0x1.51eaeae06cbfcp-4,0x1.bcd2b351ea1d8p-6
12.449999999999779,-0x1.809b8bcd1b9bdp-4,0x1.51eaeae06cbfcp-4,0x1.bcd2b351ea1d8p-6
12.479999999999778,-0x1.809b8bcd1b9bdp-4,0x1.51eaeae06cbfcp-4,0x1.bcd2b351ea1d8p-6
12.509999999999778,-0x1.809b8bcd1b9bdp-4,0x1.51eaeae06cbfcp-4,0x1.bcd2b351ea1d8p-6
12.539999999999777,-0x1.809b8bcd1b9bdp-4,0x1.51eaeae06cbfcp-4,-0x1.3889ab7cd89c8p-3
12.569999999999776,-0x1.809b8bcd1b9bdp-4,0x1.51eaeae06cbfcp-4,-0x1.3889ab7cd89c8p-3
12.599999999999776,-0x1.809b8bcd1b9bdp-4,0x1.51eaeae06cbfcp-4,-0x1.3889ab7cd89c8p-3
12.629999999999775,-0x1.809b8bcd1b9bdp-4,0x1.51eaeae06cbfcp-4,-0x1.3889ab7cd89c8p-3
12.659999999999775,-0x1.809b8bcd1b9bdp-4,0x1.51eaeae06cbfcp-4,-0x1.3889ab7cd89c8p-3
12.689999999999774,-0x1.809b8bcd1b9bdp-4,0x1.51eaeae06cbfcp-4,-0x1.3889ab7cd89c8p-3
12.719999999999773,-0x1.809b8bcd1b9bdp-4,0x1.51eaeae06cbfcp-4,-0x1.3889ab7cd89c8p-3
12.749999999999773,-0x1.809b8bcd1b9bdp-4,0x1.51eaeae06cbfcp-4,-0x1.3889ab7cd89c8p-3
12.779999999999772,-0x1.809b8bcd1b9bdp-4,0x1.51eaeae06cbfcp-4,-0x1.3889ab7cd89c8p-3
12.809999999999771,0x1.b2414752ac550p-5,0x1.51eaeae06cbfcp-4,-0x1.3889ab7cd89c8p-3
12.83999999999977,0x1.b2414752ac550p-5,0x1.51eaeae06cbfcp-4,-0x1.3889ab7cd89c8p-3
12.86999999999977,0x1.b2414752ac550p-5,0x1.51eaeae06cbfcp-4,-0x1.3889ab7cd89c8p-3
12.89999999999977,0x1.b2414752ac550p-5,0x1.51eaeae06cbfcp-4,-0x1.3889ab7cd89c8p-3
12.929999999999769,0x1.b2414752ac550p-5,0x1.51eaeae06cbfcp-4,-0x1.3889ab7cd89c8p-3
12.959999999999768,0x1.b2414752ac550p-5,-0x1.755e84e8aa6aap-4,-0x1.3889ab7cd89c8p-3
12.989999999999768,0x1.b2414752ac550p-5,-0x1.755e84e8aa6aap-4,-0x1.3889ab7cd89c8p-3
13.019999999999767,0x1.b2414752ac550p-5,-0x1.755e84e8aa6aap-4,-0x1.3889ab7cd89c8p-3
13.049999999999766,0x1.b2414752ac550p-5,-0x1.755e84e8aa6aap-4,-0x1.3889ab7cd89c8p-3
13.079999999999766,0x1.b2414752ac550p-5,-0x1.755e84e8aa6aap-4,-0x1.3889ab7cd89c8p-3
13.109999999999765,0x1.b2414752ac550p-5,-0x1.755e84e8aa6aap-4,-0x1.3889ab7cd89c8p-3
13.139999999999764,0x1.b2414752ac550p-5,-0x1.755e84e8aa6aap-4,-0x1.3889ab7cd89c8p-3
13.169999999999764,0x1.b2414752ac550p-5,-0x1.755e84e8aa6aap-4,-0x1.3889ab7cd89c8p-3
13.199999999999763,0x1.b2414752ac550p-5,-0x1.755e84e8aa6aap-4,0x1.a648aa155d910p-4
13.229999999999762,0x1.b2414752ac550p-5,-0x1.755e84e8aa6aap-4,0x1.a648aa155d910p-4
13.259999999999762,0x1.b2414752ac550p-5,-0x1.755e84e8aa6aap-4,0x1.a648aa155d910p-4
13.289999999999761,0x1.b2414752ac550p-5,-0x1.755e84e8aa6aap-4,0x1.a648aa155d910p-4
13.31999999999976,0x1.b2414752ac550p-5,-0x1.755e84e8aa6aap-4,0x1.a648aa155d910p-4
13.34999999999976,0x1.b2414752ac550p-5,-0x1.755e84e8aa6aap-4,0x1.a648aa155d910p-4
13.37999999999976,0x1.b2414752ac550p-5,-0x1.755e84e8aa6aap-4,0x1.a648aa155d910p-4
13.409999999999759,0x1.b2414752ac550p-5,-0x1.755e84e8aa6aap-4,0x1.a648aa155d910p-4
13.439999999999758,0x1.b2414752ac550p-5,-0x1.755e84e8aa6aap-4,0x1.a648aa155d910p-4
13.469999999999757,0x1.b2414752ac550p-5,-0x1.755e84e8aa6aap-4,0x1.a648aa155d910p-4
13.499999999999757,0x1.b2414752ac550p-5,-0x1.e26ca729d2324p-4,0x1.a648aa155d910p-4
13.529999999999756,0x1.b2414752ac550p-5,-0x1.e26ca729d2324p-4,0x1.a648aa155d910p-4
13.559999999999755,0x1.b2414752ac550p-5,-0x1.e26ca729d2324p-4,0x1.a648aa155d910p-4
13.589999999999755,-0x1.e723eceeccd17p-4,-0x1.e26ca729d2324p-4,0x1.a648aa155d910p-4
13.619999999999754,-0x1.e723eceeccd17p-4,-0x1.e26ca729d2324p-4,0x1.a648aa155d910p-4
13.649999999999753,-0x1.e723eceeccd17p-4,-0x1.e26ca729d2324p-4,0x1.a648aa155d910p-4
13.679999999999753,-0x1.e723eceeccd17p-4,-0x1.e26ca729d2324p-4,0x1.a648aa155d910p-4
13.709999999999752,-0x1.e723eceeccd17p-4,-0x1.e26ca729d2324p-4,0x1.a648aa155d910p-4
13.739999999999752,-0x1.e723eceeccd17p-4,-0x1.e26ca729d2324p-4,0x1.a648aa155d910p-4
13.76999999999975,-0x1.e723eceeccd17p-4,-0x1.e26ca729d2324p-4,0x1.a648aa155d910p-4
13.79999999999975,-0x1.e723eceeccd17p-4,-0x1.e26ca729d2324p-4,0x1.a648aa155d910p-4
13.82999999999975,-0x1.e723eceeccd17p-4,-0x1.e26ca729d2324p-4,0x1.a648aa155d910p-4
13.859999999999749,-0x1.e723eceeccd17p-4,-0x1.e26ca729d2324p-4,0x1.a648aa155d910p-4
13.889999999999748,-0x1.e723eceeccd17p-4,-0x1.e26ca729d2324p-4,0x1.a648aa155d910p-4
13.919999999999748,-0x1.e723eceeccd17p-4,-0x1.e26ca729d2324p-4,0x1.a648aa155d910p-4
13.949999999999747,-0x1.e723eceeccd17p-4,-0x1.e26ca729d2324p-4,0x1.a648aa155d910p-4
13.979999999999746,-0x1.e723eceeccd17p-4,-0x1.e26ca729d2324p-4,0x1.66bde0bfe44dep-3
14.009999999999746,-0x1.e723eceeccd17p-4,-0x1.e26ca729d2324p-4,0x1.66bde0bfe44dep-3
14.039999999999745,-0x1.e723eceeccd17p-4,-0x1.e26ca729d2324p-4,0x1.66bde0bfe44dep-3
14.069999999999744,-0x1.e723eceeccd17p-4,-0x1.e26ca729d2324p-4,0x1.66bde0bfe44dep-3
14.099999999999744,-0x1.e723eceeccd17p-4,-0x1.e26ca729d2324p-4,0x1.66bde0bfe44dep-3
14.129999999999743,-0x1.e723eceeccd17p-4,-0x1.e26ca729d2324p-4,0x1.66bde0bfe44dep-3
14.159999999999743,-0x1.e723eceeccd17p-4,-0x1.8af37919d62b7p-3,0x1.66bde0bfe44dep-3
14.189999999999742,-0x1.e723eceeccd17p-4,-0x1.8af37919d62b7p-3,0x1.66bde0bfe44dep-3
14.219999999999741,-0x1.e723eceeccd17p-4,-0x1.8af37919d62b7p-3,0x1.66bde0bfe44dep-3
14.24999999999974,-0x1.e723eceeccd17p-4,-0x1.8af37919d62b7p-3,0x1.66bde0bfe44dep-3
14.27999999999974,0x1.3f4811be6a598p-3,-0x1.8af37919d62b7p-3,0x1.66bde0bfe44dep-3
14.30999999999974,0x1.3f4811be6a598p-3,-0x1.8af37919d62b7p-3,0x1.66bde0bfe44dep-3
14.339999999999739,0x1.3f4811be6a598p-3,-0x1.8af37919d62b7p-3,0x1.66bde0bfe44dep-3
14.369999999999738,0x1.3f4811be6a598p-3,-0x1.8af37919d62b7p-3,0x1.66bde0bfe44dep-3
14.399999999999737,0x1.3f4811be6a598p-3,-0x1.8af37919d62b7p-3,0x1.66bde0bfe44dep-3
14.429999999999737,0x1.3f4811be6a598p-3,-0x1.8af37919d62b7p-3,0x1.66bde0bfe44dep-3
14.459999999999736,0x1.3f4811be6a598p-3,-0x1.8af37919d62b7p-3,0x1.66bde0bfe44dep-3
14.489999999999736,0x1.3f4811be6a598p-3,-0x1.8af37919d62b7p-3,0x1.66bde0bfe44dep-3
14.519999999999735,0x1.3f4811be6a598p-3,-0x1.8af37919d62b7p-3,0x1.66bde0bfe44dep-3
14.549999999999734,0x1.3f4811be6a598p-3,-0x1.8af37919d62b7p-3,-0x1.b2139369d8700p-10
14.579999999999734,0x1.3f4811be6a598p-3,-0x1.8af37919d62b7p-3,-0x1.b2139369d8700p-10
14.609999999999733,0x1.3f4811be6a598p-3,-0x1.8af37919d62b7p-3,-0x1.b2139369d8700p-10
14.639999999999732,0x1.3f4811be6a598p-3,-0x1.8af37919d62b7p-3,-0x1.b2139369d8700p-10
14.669999999999732,0x1.3f4811be6a598p-3,-0x1.8af37919d62b7p-3,-0x1.b2139369d8700p-10
14.699999999999731,0x1.3f4811be6a598p-3,-0x1.8af37919d62b7p-3,-0x1.b2139369d8700p-10
14.72999999999973,0x1.3f4811be6a598p-3,-0x1.8af37919d62b7p-3,-0x1.b2139369d8700p-10
14.75999999999973,0x1.3f4811be6a598p-3,-0x1.8af37919d62b7p-3,-0x1.b2139369d8700p-10
14.78999999999973,-0x1.b7790cf348217p-4,-0x1.8af37919d62b7p-3,-0x1.b2139369d8700p-10
14.819999999999729,-0x1.b7790cf348217p-4,-0x1.447c62241e5e0p-3,-0x1.b2139369d8700p-10
14.849999999999728,-0x1.b7790cf348217p-4,-0x1.447c62241e5e0p-3,-0x1.b2139369d8700p-10
14.879999999999727,-0x1.b7790cf348217p-4,-0x1.447c62241e5e0p-3,-0x1.b2139369d8700p-10
14.909999999999727,-0x1.b7790cf348217p-4,-0x1.447c62241e5e0p-3,-0x1.b2139369d8700p-10
14.939999999999726,-0x1.b7790cf348217p-4,-0x1.447c62241e5e0p-3,-0x1.b2139369d8700p-10
14.969999999999725,-0x1.b7790cf348217p-4,-0x1.447c62241e5e0p-3,-0x1.b2139369d8700p-10
14.999999999999725,-0x1.b7790cf348217p-4,-0x1.447c62241e5e0p-3,-0x1.b2139369d8700p-10
15.029999999999724,-0x1.b7790cf348217p-4,-0x1.447c62241e5e0p-3,-0x1.b2139369d8700p-10
15.059999999999723,-0x1.b7790cf348217p-4,-0x1.447c62241e5e0p-3,-0x1.b2139369d8700p-10
15.089999999999723,-0x1.b7790cf348217p-4,-0x1.447c62241e5e0p-3,-0x1.29c8b459b2100p-8
15.119999999999722,-0x1.b7790cf348217p-4,-0x1.447c62241e5e0p-3,-0x1.29c8b459b2100p-8
15.149999999999721,-0x1.b7790cf348217p-4,-0x1.447c62241e5e0p-3,-0x1.29c8b459b2100p-8
15.17999999999972,-0x1.b7790cf348217p-4,-0x1.447c62241e5e0p-3,-0x1.29c8b459b2100p-8
15.20999999999972,-0x1.b7790cf348217p-4,-0x1.447c62241e5e0p-3,-0x1.29c8b459b2100p-8
15.23999999999972,-0x1.b7790cf348217p-4,-0x1.447c62241e5e0p-3,-0x1.29c8b459b2100p-8
15.269999999999719,-0x1.b7790cf348217p-4,-0x1.447c62241e5e0p-3,-0x1.29c8b459b2100p-8
15.299999999999718,-0x1.b7790cf348217p-4,-0x1.447c62241e5e0p-3,-0x1.29c8b459b2100p-8
15.329999999999718,-0x1.b7790cf348217p-4,-0x1.447c62241e5e0p-3,-0x1.29c8b459b2100p-8
15.359999999999717,-0x1.b7790cf348217p-4,-0x1.447c62241e5e0p-3,-0x1.29c8b459b2100p-8
15.389999999999716,-0x1.046c23142df76p-4,0x1.98e4149736d40p-6,-0x1.29c8b459b2100p-8
15.419999999999716,-0x1.046c23142df76p-4,0x1.98e4149736d40p-6,-0x1.29c8b459b2100p-8
15.449999999999715,-0x1.046c23142df76p-4,0x1.98e4149736d40p-6,-0x1.29c8b459b2100p-8
15.479999999999714,-0x1.046c23142df76p-4,0x1.98e4149736d40p-6,-0x1.29c8b459b2100p-8
15.509999999999714,-0x1.046c23142df76p-4,0x1.98e4149736d40p-6,-0x1.29c8b459b2100p-8
15.539999999999713,-0x1.046c23142df76p-4,0x1.98e4149736d40p-6,-0x1.29c8b459b2100p-8
15.569999999999713,-0x1.046c23142df76p-4,0x1.98e4149736d40p-6,-0x1.29c8b459b2100p-8
15.599999999999712,-0x1.046c23142df76p-4,0x1.98e4149736d40p-6,-0x1.29c8b459b2100p-8
15.629999999999711,-0x1.046c23142df76p-4,0x1.98e4149736d40p-6,-0x1.3de4935a4207ap-3
15.65999999999971,-0x1.046c23142df76p-4,0x1.98e4149736d40p-6,-0x1.3de4935a4207ap-3
15.68999999999971,-0x1.046c23142df76p-4,0x1.98e4149736d40p-6,-0x1.3de4935a4207ap-3
15.71999999999971,-0x1.046c23142df76p-4,0x1.98e4149736d40p-6,-0x1.3de4935a4207ap-3
15.749999999999709,-0x1.046c23142df76p-4,0x1.98e4149736d40p-6,-0x1.3de4935a4207ap-3
15.779999999999708,-0x1.046c23142df76p-4,0x1.98e4149736d40p-6,-0x1.3de4935a4207ap-3
15.809999999999707,-0x1.046c23142df76p-4,0x1.98e4149736d40p-6,-0x1.3de4935a4207ap-3
15.839999999999707,-0x1.046c23142df76p-4,0x1.98e4149736d40p-6,-0x1.3de4935a4207ap-3
15.869999999999706,-0x1.046c23142df76p-4,0x1.98e4149736d40p-6,-0x1.3de4935a4207ap-3
15.899999999999705,0x1.d041b9e3d15f8p-4,0x1.98e4149736d40p-6,-0x1.3de4935a4207ap-3
15.929999999999705,0x1.d041b9e3d15f8p-4,0x1.98e4149736d40p-6,-0x1.3de4935a4207ap-3
15.959999999999704,0x1.d041b9e3d15f8p-4,0x1.98e4149736d40p-6,-0x1.3de4935a4207ap-3
15.989999999999704,0x1.d041b9e3d15f8p-4,0x1.98e4149736d40p-6,-0x1.3de4935a4207ap-3
16.019999999999705,0x1.d041b9e3d15f8p-4,0x1.98e4149736d40p-6,-0x1.3de4935a4207ap-3
16.04999999999971,0x1.d041b9e3d15f8p-4,0x1.98e4149736d40p-6,-0x1.3de4935a4207ap-3
16.079999999999714,0x1.d041b9e3d15f8p-4,0x1.98e4149736d40p-6,-0x1.3de4935a4207ap-3
16.10999999999972,0x1.d041b9e3d15f8p-4,0x1.98e4149736d40p-6,-0x1.3de4935a4207ap-3
16.139999999999723,0x1.d041b9e3d15f8p-4,0x1.98e4149736d40p-6,-0x1.3de4935a4207ap-3
16.169999999999728,0x1.d041b9e3d15f8p-4,0x1.29db9d7849dfep-3,0x1.7bca3901ef0a8p-4
16.199999999999733,0x1.d041b9e3d15f8p-4,0x1.29db9d7849dfep-3,0x1.7bca3901ef0a8p-4
16.229999999999738,0x1.d041b9e3d15f8p-4,0x1.29db9d7849dfep-3,0x1.7bca3901ef0a8p-4
16.259999999999742,0x1.d041b9e3d15f8p-4,0x1.29db9d7849dfep-3,0x1.7bca3901ef0a8p-4
16.289999999999747,0x1.d041b9e3d15f8p-4,0x1.29db9d7849dfep-3,0x1.7bca3901ef0a8p-4
16.31999999999975,0x1.d041b9e3d15f8p-4,0x1.29db9d7849dfep-3,0x1.7bca3901ef0a8p-4
16.349999999999756,0x1.d041b9e3d15f8p-4,0x1.29db9d7849dfep-3,0x1.7bca3901ef0a8p-4
16.37999999999976,0x1.d041b9e3d15f8p-4,0x1.29db9d7849dfep-3,0x1.7bca3901ef0a8p-4
16.409999999999766,0x1.d041b9e3d15f8p-4,0x1.29db9d7849dfep-3,0x1.7bca3901ef0a8p-4
16.43999999999977,0x1.d041b9e3d15f8p-4,0x1.29db9d7849dfep-3,0x1.7bca3901ef0a8p-4
16.469999999999775,0x1.d041b9e3d15f8p-4,0x1.29db9d7849dfep-3,0x1.7bca3901ef0a8p-4
16.49999999999978,0x1.d041b9e3d15f8p-4,0x1.29db9d7849dfep-3,0x1.7bca3901ef0a8p-4
16.529999999999784,0x1.d041b9e3d15f8p-4,0x1.29db9d7849dfep-3,0x1.7bca3901ef0a8p-4
16.55999999999979,0x1.d041b9e3d15f8p-4,0x1.29db9d7849dfep-3,0x1.7bca3901ef0a8p-4
16.589999999999794,0x1.d041b9e3d15f8p-4,0x1.29db9d7849dfep-3,0x1.7bca3901ef0a8p-4
16.6199999999998,0x1.d041b9e3d15f8p-4,0x1.29db9d7849dfep-3,0x1.7bca3901ef0a8p-4
16.649999999999803,0x1.de5b19d7546e8p-5,0x1.29db9d7849dfep-3,0x1.7bca3901ef0a8p-4
16.679999999999808,0x1.de5b19d7546e8p-5,0x1.29db9d7849dfep-3,0x1.7bca3901ef0a8p-4
16.709999999999813,0x1.de5b19d7546e8p-5,0x1.92f34f6ffbbd0p-6,0x1.7bca3901ef0a8p-4
16.739999999999817,0x1.de5b19d7546e8p-5,0x1.92f34f6ffbbd0p-6,0x1.7bca3901ef0a8p-4
16.769999999999822,0x1.de5b19d7546e8p-5,0x1.92f34f6ffbbd0p-6,0x1.7bca3901ef0a8p-4
16.799999999999827,0x1.de5b19d7546e8p-5,0x1.92f34f6ffbbd0p-6,0x1.7bca3901ef0a8p-4
16.82999999999983,0x1.de5b19d7546e8p-5,0x1.92f34f6ffbbd0p-6,0x1.7bca3901ef0a8p-4
16.859999999999836,0x1.de5b19d7546e8p-5,0x1.92f34f6ffbbd0p-6,0x1.7bca3901ef0a8p-4
16.88999999999984,0x1.de5b19d7546e8p-5,0x1.92f34f6ffbbd0p-6,0x1.7bca3901ef0a8p-4
16.919999999999845,0x1.de5b19d7546e8p-5,0x1.92f34f6ffbbd0p-6,-0x1.718ad8d3734f2p-3
16.94999999999985,0x1.de5b19d7546e8p-5,0x1.92f34f6ffbbd0p-6,-0x1.718ad8d3734f2p-3
16.979999999999855,0x1.de5b19d7546e8p-5,0x1.92f34f6ffbbd0p-6,-0x1.718ad8d3734f2p-3
17.00999999999986,0x1.de5b19d7546e8p-5,0x1.92f34f6ffbbd0p-6,-0x1.718ad8d3734f2p-3
17.039999999999864,0x1.de5b19d7546e8p-5,0x1.92f34f6ffbbd0p-6,-0x1.718ad8d3734f2p-3
17.06999999999987,0x1.de5b19d7546e8p-5,0x1.92f34f6ffbbd0p-6,-0x1.718ad8d3734f2p-3
17.099999999999874,0x1.de5b19d7546e8p-5,0x1.92f34f6ffbbd0p-6,-0x1.718ad8d3734f2p-3
17.129999999999878,0x1.de5b19d7546e8p-5,0x1.92f34f6ffbbd0p-6,-0x1.718ad8d3734f2p-3
17.159999999999883,0x1.de5b19d7546e8p-5,0x1.92f34f6ffbbd0p-6,-0x1.718ad8d3734f2p-3
17.189999999999888,0x1.de5b19d7546e8p-5,0x1.92f34f6ffbbd0p-6,-0x1.718ad8d3734f2p-3
17.219999999999892,0x1.de5b19d7546e8p-5,0x1.92f34f6ffbbd0p-6,-0x1.718ad8d3734f2p-3
17.249999999999897,0x1.de5b19d7546e8p-5,0x1.92f34f6ffbbd0p-6,-0x1.718ad8d3734f2p-3
17.2799999999999,0x1.de5b19d7546e8p-5,0x1.92f34f6ffbbd0p-6,-0x1.718ad8d3734f2p-3
17.309999999999906,0x1.de5b19d7546e8p-5,0x1.92f34f6ffbbd0p-6,-0x1.718ad8d3734f2p-3
17.33999999999991,0x1.de5b19d7546e8p-5,0x1.5f11cf844eadep-3,-0x1.718ad8d3734f2p-3
17.369999999999916,0x1.de5b19d7546e8p-5,0x1.5f11cf844eadep-3,-0x1.718ad8d3734f2p-3
17.39999999999992,-0x1.327e0a4bb1640p-4,0x1.5f11cf844eadep-3,-0x1.718ad8d3734f2p-3
17.429999999999925,-0x1.327e0a4bb1640p-4,0x1.5f11cf844eadep-3,-0x1.718ad8d3734f2p-3
17.45999999999993,-0x1.327e0a4bb1640p-4,0x1.5f11cf844eadep-3,-0x1.718ad8d3734f2p-3
17.489999999999934,-0x1.327e0a4bb1640p-4,0x1.5f11cf844eadep-3,-0x1.718ad8d3734f2p-3
17.51999999999994,-0x1.327e0a4bb1640p-4,0x1.5f11cf844eadep-3,-0x1.718ad8d3734f2p-3
17.549999999999944,-0x1.327e0a4bb1640p-4,0x1.5f11cf844eadep-3,-0x1.718ad8d3734f2p-3
17.57999999999995,-0x1.327e0a4bb1640p-4,0x1.5f11cf844eadep-3,-0x1.718ad8d3734f2p-3
17.609999999999953,-0x1.327e0a4bb1640p-4,0x1.5f11cf844eadep-3,-0x1.718ad8d3734f2p-3
17.639999999999958,-0x1.327e0a4bb1640p-4,0x1.5f11cf844eadep-3,-0x1.718ad8d3734f2p-3
17.669999999999963,-0x1.327e0a4bb1640p-4,0x1.5f11cf844eadep-3,-0x1.dc2636f47a67ap-4
17.699999999999967,-0x1.327e0a4bb1640p-4,0x1.5f11cf844eadep-3,-0x1.dc2636f47a67ap-4
17.729999999999972,-0x1.327e0a4bb1640p-4,0x1.5f11cf844eadep-3,-0x1.dc2636f47a67ap-4
17.759999999999977,-0x1.327e0a4bb1640p-4,0x1.5f11cf844eadep-3,-0x1.dc2636f47a67ap-4
17.78999999999998,-0x1.327e0a4bb1640p-4,0x1.5f11cf844eadep-3,-0x1.dc2636f47a67ap-4
17.819999999999986,-0x1.327e0a4bb1640p-4,0x1.5f11cf844eadep-3,-0x1.dc2636f47a67ap-4
17.84999999999999,-0x1.327e0a4bb1640p-4,0x1.5f11cf844eadep-3,-0x1.dc2636f47a67ap-4
17.879999999999995,-0x1.327e0a4bb1640p-4,0x1.5f11cf844eadep-3,-0x1.dc2636f47a67ap-4
17.91,0x1.330be929604d4p-4,0x1.5f11cf844eadep-3,-0x1.dc2636f47a67ap-4
17.940000000000005,0x1.330be929604d4p-4,0x1.5f11cf844eadep-3,-0x1.dc2636f47a67ap-4
17.97000000000001,0x1.330be929604d4p-4,0x1.5f11cf844eadep-3,-0x1.dc2636f47a67ap-4
18.000000000000014,0x1.330be929604d4p-4,0x1.477dfb240a2d4p-3,-0x1.dc2636f47a67ap-4
18.03000000000002,0x1.330be929604d4p-4,0x1.477dfb240a2d4p-3,-0x1.dc2636f47a67ap-4
18.060000000000024,0x1.330be929604d4p-4,0x1.477dfb240a2d4p-3,-0x1.dc2636f47a67ap-4
18.09000000000003,0x1.330be929604d4p-4,0x1.477dfb240a2d4p-3,-0x1.dc2636f47a67ap-4
18.120000000000033,0x1.330be929604d4p-4,0x1.477dfb240a2d4p-3,-0x1.dc2636f47a67ap-4
18.150000000000038,0x1.330be929604d4p-4,0x1.477dfb240a2d4p-3,-0x1.dc2636f47a67ap-4
18.180000000000042,0x1.330be929604d4p-4,0x1.477dfb240a2d4p-3,-0x1.dc2636f47a67ap-4
18.210000000000047,0x1.330be929604d4p-4,0x1.477dfb240a2d4p-3,-0x1.dc2636f47a67ap-4
18.24000000000005,0x1.330be929604d4p-4,0x1.477dfb240a2d4p-3,-0x1.dc2636f47a67ap-4
18.270000000000056,0x1.330be929604d4p-4,0x1.477dfb240a2d4p-3,-0x1.dc2636f47a67ap-4
18.30000000000006,0x1.330be929604d4p-4,0x1.477dfb240a2d4p-3,-0x1.dc2636f47a67ap-4
18.330000000000066,0x1.330be929604d4p-4,0x1.477dfb240a2d4p-3,-0x1.837ded8dc77afp-3
18.36000000000007,0x1.330be929604d4p-4,0x1.477dfb240a2d4p-3,-0x1.837ded8dc77afp-3
18.390000000000075,0x1.330be929604d4p-4,0x1.477dfb240a2d4p-3,-0x1.837ded8dc77afp-3
18.42000000000008,0x1.7b071397256a8p-6,0x1.477dfb240a2d4p-3,-0x1.837ded8dc77afp-3
18.450000000000085,0x1.7b071397256a8p-6,0x1.477dfb240a2d4p-3,-0x1.837ded8dc77afp-3
18.48000000000009,0x1.7b071397256a8p-6,0x1.477dfb240a2d4p-3,-0x1.837ded8dc77afp-3
18.510000000000094,0x1.7b071397256a8p-6,0x1.477dfb240a2d4p-3,-0x1.837ded8dc77afp-3
18.5400000000001,0x1.7b071397256a8p-6,0x1.477dfb240a2d4p-3,-0x1.837ded8dc77afp-3
18.570000000000103,0x1.7b071397256a8p-6,0x1.477dfb240a2d4p-3,-0x1.837ded8dc77afp-3
18.600000000000108,0x1.7b071397256a8p-6,0x1.477dfb240a2d4p-3,-0x1.837ded8dc77afp-3
18.630000000000113,0x1.7b071397256a8p-6,0x1.477dfb240a2d4p-3,-0x1.837ded8dc77afp-3
18.660000000000117,0x1.7b071397256a8p-6,0x1.477dfb240a2d4p-3,-0x1.837ded8dc77afp-3
18.690000000000122,0x1.7b071397256a8p-6,-0x1.124cc487c632cp-5,-0x1.837ded8dc77afp-3
18.720000000000127,0x1.7b071397256a8p-6,-0x1.124cc487c632cp-5,-0x1.837ded8dc77afp-3
18.75000000000013,0x1.7b071397256a8p-6,-0x1.124cc487c632cp-5,-0x1.837ded8dc77afp-3
18.780000000000136,0x1.7b071397256a8p-6,-0x1.124cc487c632cp-5,-0x1.837ded8dc77afp-3
18.81000000000014,0x1.7b071397256a8p-6,-0x1.124cc487c632cp-5,-0x1.837ded8dc77afp-3
18.840000000000146,0x1.7b071397256a8p-6,-0x1.124cc487c632cp-5,-0x1.837ded8dc77afp-3
18.87000000000015,0x1.7b071397256a8p-6,-0x1.124cc487c632cp-5,-0x1.5ac050392cf0fp-3
18.900000000000155,0x1.7b071397256a8p-6,-0x1.124cc487c632cp-5,-0x1.5ac050392cf0fp-3
18.93000000000016,0x1.7b071397256a8p-6,-0x1.124cc487c632cp-5,-0x1.5ac050392cf0fp-3
18.960000000000164,0x1.7b071397256a8p-6,-0x1.124cc487c632cp-5,-0x1.5ac050392cf0fp-3
18.99000000000017,0x1.7b071397256a8p-6,-0x1.124cc487c632cp-5,-0x1.5ac050392cf0fp-3
19.020000000000174,0x1.7b071397256a8p-6,-0x1.124cc487c632cp-5,-0x1.5ac050392cf0fp-3
19.05000000000018,0x1.7b071397256a8p-6,-0x1.124cc487c632cp-5,-0x1.5ac050392cf0fp-3
19.080000000000183,0x1.7b071397256a8p-6,-0x1.124cc487c632cp-5,-0x1.5ac050392cf0fp-3
19.110000000000188,0x1.7b071397256a8p-6,-0x1.124cc487c632cp-5,-0x1.5ac050392cf0fp-3
19.140000000000192,-0x1.d38c2df2438dap-4,-0x1.124cc487c632cp-5,-0x1.5ac050392cf0fp-3
19.170000000000197,-0x1.d38c2df2438dap-4,-0x1.124cc487c632cp-5,-0x1.5ac050392cf0fp-3
19.200000000000202,-0x1.d38c2df2438dap-4,-0x1.124cc487c632cp-5,-0x1.5ac050392cf0fp-3
19.230000000000206,-0x1.d38c2df2438dap-4,-0x1.124cc487c632cp-5,-0x1.5ac050392cf0fp-3
19.26000000000021,-0x1.d38c2df2438dap-4,-0x1.124cc487c632cp-5,-0x1.5ac050392cf0fp-3
19.290000000000216,-0x1.d38c2df2438dap-4,-0x1.124cc487c632cp-5,-0x1.5ac050392cf0fp-3
19.32000000000022,-0x1.d38c2df2438dap-4,0x1.324901dba0c54p-5,-0x1.5ac050392cf0fp-3
19.350000000000225,-0x1.d38c2df2438dap-4,0x1.324901dba0c54p-5,-0x1.5ac050392cf0fp-3
19.38000000000023,-0x1.d38c2df2438dap-4,0x1.324901dba0c54p-5,-0x1.5ac050392cf0fp-3
19.410000000000235,-0x1.d38c2df2438dap-4,0x1.324901dba0c54p-5,-0x1.5ac050392cf0fp-3
19.44000000000024,-0x1.d38c2df2438dap-4,0x1.324901dba0c54p-5,-0x1.5ac050392cf0fp-3
19.470000000000244,-0x1.d38c2df2438dap-4,0x1.324901dba0c54p-5,-0x1.5ac050392cf0fp-3
19.50000000000025,-0x1.d38c2df2438dap-4,0x1.324901dba0c54p-5,-0x1.2688d685bc3c0p-3
19.530000000000253,-0x1.d38c2df2438dap-4,0x1.324901dba0c54p-5,-0x1.2688d685bc3c0p-3
19.560000000000258,-0x1.d38c2df2438dap-4,0x1.324901dba0c54p-5,-0x1.2688d685bc3c0p-3
19.590000000000263,-0x1.d38c2df2438dap-4,0x1.324901dba0c54p-5,-0x1.2688d685bc3c0p-3
19.620000000000267,-0x1.d38c2df2438dap-4,0x1.324901dba0c54p-5,-0x1.2688d685bc3c0p-3
19.650000000000272,-0x1.d38c2df2438dap-4,0x1.324901dba0c54p-5,-0x1.2688d685bc3c0p-3
19.680000000000277,-0x1.d38c2df2438dap-4,0x1.324901dba0c54p-5,-0x1.2688d685bc3c0p-3
19.71000000000028,-0x1.d38c2df2438dap-4,0x1.324901dba0c54p-5,-0x1.2688d685bc3c0p-3
19.740000000000286,-0x1.d38c2df2438dap-4,0x1.324901dba0c54p-5,-0x1.2688d685bc3c0p-3
19.77000000000029,-0x1.d38c2df2438dap-4,0x1.324901dba0c54p-5,-0x1.2688d685bc3c0p-3
19.800000000000296,-0x1.d38c2df2438dap-4,0x1.324901dba0c54p-5,-0x1.2688d685bc3c0p-3
19.8300000000003,-0x1.6b6e5f6165724p-3,0x1.324901dba0c54p-5,-0x1.2688d685bc3c0p-3
19.860000000000305,-0x1.6b6e5f6165724p-3,0x1.324901dba0c54p-5,-0x1.2688d685bc3c0p-3
19.89000000000031,-0x1.6b6e5f6165724p-3,0x1.324901dba0c54p-5,-0x1.2688d685bc3c0p-3
19.920000000000314,-0x1.6b6e5f6165724p-3,0x1.324901dba0c54p-5,-0x1.2688d685bc3c0p-3
19.95000000000032,-0x1.6b6e5f6165724p-3,0x1.324901dba0c54p-5,-0x1.2688d685bc3c0p-3
19.980000000000324,-0x1.6b6e5f6165724p-3,0x1.324901dba0c54p-5,-0x1.2688d685bc3c0p-3
20.000000000000327,-0x1.6b6e5f6165724p-3,0x1.324901dba0c54p-5,-0x1.2688d685bc3c0p-3
